Verkiezing;;Tweede Kamer der Staten-Generaal 2023;;;;;;;;;;;;;;;;;;;;
Datum;;22-11-2023;;;;;;;;;;;;;;;;;;;;
Gebied;;Kieskring Leeuwarden;;;;;;;;;;;;;;;;;;;;
Nummer;;HSB2;;;;;;;;;;;;;;;;;;;;
;;;;;;;;;;;;;;;;;;;;;;
Lijstnummer;Aanduiding;Volgnummer;Naam kandidaat;Totaal;Achtkarspelen;Ameland;Harlingen;Heerenveen;Leeuwarden;Ooststellingwerf;Opsterland;Schiermonnikoog;Smallingerland;Terschelling;Vlieland;Weststellingwerf;Tytsjerksteradiel;Dantumadiel;Súdwest-Fryslân;De Fryske Marren;Waadhoeke;Noardeast-Fryslân
Gebiednummer;;;;;59;60;72;74;80;85;86;88;90;93;96;98;737;1891;1900;1940;1949;1970
;opgeroepenen;;;520759;22141;2977;12825;40859;99600;21081;24001;802;44176;4092;957;21269;25629;15087;71267;41065;36767;36164
;geldig volmachtbewijs;;;35377;1831;337;1000;2407;5753;1387;1655;84;2743;441;65;1500;1868;1204;4866;3020;2439;2777
;geldige kiezerspas;;;3150;22;778;28;88;256;90;42;257;93;579;260;55;61;19;218;122;88;94
;geldige stembiljetten;;;419599;17857;3279;10125;32637;76929;16951;19765;933;34417;3848;967;17194;21440;12392;57790;34337;29616;29122
;blanco stembiljetten;;;849;31;6;27;69;204;38;42;3;70;10;2;31;44;16;91;68;48;49
;ongeldige stembiljetten;;;673;31;5;29;58;132;29;21;2;63;4;1;25;31;20;90;50;40;42
;aangetroffen stembiljetten;;;421121;17919;3290;10181;32764;77265;17018;19828;938;34550;3862;970;17250;21515;12428;57971;34455;29704;29213
;meer stembiljetten dan toegelaten kiezers;;;99;0;1;3;21;19;3;4;0;8;1;0;1;0;1;12;4;5;16
;minder stembiljetten dan toegelaten kiezers;;;122;0;0;3;25;10;1;1;0;12;0;0;0;1;27;11;1;5;25
;kiezers met stembiljet hebben niet gestemd;;;29;0;0;0;3;0;0;1;0;0;0;0;0;0;22;1;1;0;1
;er zijn te weinig stembiljetten uitgereikt;;;15;0;0;0;0;0;0;0;0;0;0;0;0;0;4;1;0;0;10
;er zijn te veel stembiljetten uitgereikt;;;17;0;0;0;0;0;0;2;0;0;0;0;0;0;1;2;0;0;12
;geen verklaring;;;98;0;1;6;2;25;4;2;0;18;1;0;1;1;0;18;1;0;18
;andere verklaring;;;42;0;0;0;35;3;0;0;0;0;0;0;0;0;1;1;0;2;0
1;VVD;;;47098;1225;530;1360;4571;8662;1763;2084;144;3510;663;162;2093;2028;807;7223;4641;3321;2311
;;1;Yeşilgöz, D.;39603;1038;480;1196;3807;7000;1494;1728;123;2967;565;134;1851;1674;669;6162;3952;2779;1984
;;2;Hermans, S.T.M.;1465;40;5;30;155;269;50;89;5;133;28;7;65;55;27;223;140;84;60
;;3;Becker, B.;306;10;4;16;26;55;15;12;0;24;7;1;18;12;5;43;21;21;16
;;4;van der Burg, E.;497;12;4;9;48;117;22;22;1;32;11;2;27;21;3;86;35;29;16
;;5;van der Wal-Zeggelink, C.;145;3;0;4;21;23;6;9;1;10;4;1;4;9;2;16;19;5;8
;;6;Brekelmans, R.P.;152;0;1;3;19;27;8;3;2;20;1;1;7;5;4;26;14;7;4
;;7;Heinen, E.;44;2;1;1;4;6;0;2;0;0;0;0;2;1;1;10;7;3;4
;;8;de Vries, A.;3165;75;26;65;279;788;92;137;6;199;30;9;62;176;72;443;263;304;139
;;9;Kamminga, R.J.;111;8;2;0;12;15;7;4;0;10;3;2;6;4;3;13;11;3;8
;;10;Paul, M.L.J.;23;0;0;0;1;7;0;1;0;3;0;0;0;1;2;4;2;1;1
;;11;Erkens, S.P.A.;20;0;0;0;1;4;0;2;0;2;0;0;0;0;1;5;1;3;1
;;12;Rajkowski, Q.M.;25;0;0;0;4;5;1;0;1;0;0;1;1;3;0;3;4;1;1
;;13;Aartsen, A.A.;17;0;0;1;2;6;0;0;0;0;0;0;1;0;0;0;4;1;2
;;14;van Campen, A.A.H.;47;1;0;0;3;3;4;3;0;2;1;0;5;1;0;7;3;5;9
;;15;Tielen, J.Z.C.M.;24;1;1;2;3;6;3;1;0;2;0;0;1;0;0;2;1;1;0
;;16;Veltman-Kamp, H.N.;23;0;0;3;2;6;0;0;0;1;0;0;0;2;1;7;0;1;0
;;17;van Eijk-Nagel, W.P.J.;17;0;0;5;0;3;0;0;0;3;0;0;0;1;0;4;1;0;0
;;18;Ellian, U.;35;0;1;1;2;7;5;1;0;5;1;0;3;2;0;4;0;3;0
;;19;Michon-Derkzen, I.J.M.;13;1;0;0;2;3;0;0;0;2;0;0;0;2;0;1;0;2;0
;;20;Martens-America, C.;25;1;0;0;1;7;1;0;0;0;0;2;0;3;1;3;4;2;0
;;21;Meulenkamp, W.J.H.;12;0;0;1;1;1;2;0;0;2;0;0;1;1;1;0;2;0;0
;;22;de Groot, P.C.;12;1;0;0;3;0;0;0;0;4;1;0;0;0;0;2;0;1;0
;;23;Kisteman, A.;32;1;0;0;8;7;0;1;0;1;0;0;0;1;0;3;3;2;5
;;24;de Kort, A.H.J.;6;0;0;0;0;2;1;0;0;0;0;0;0;0;1;1;1;0;0
;;25;van den Hil, J.;16;0;0;0;3;7;0;0;0;2;0;0;0;1;0;2;0;0;1
;;26;Valstar, P.J.;9;0;0;0;1;2;1;1;0;0;0;0;1;0;0;3;0;0;0
;;27;Bevers, H.;437;11;1;4;31;155;9;20;2;25;5;1;7;28;6;59;30;22;21
;;28;Buijsse, M.R.G.;2;0;0;1;0;0;0;1;0;0;0;0;0;0;0;0;0;0;0
;;29;Dral, R.M.;33;0;1;1;1;11;2;3;0;1;1;1;0;1;1;2;3;2;2
;;30;Bikkers, B.T.;4;1;0;0;1;0;0;0;0;0;0;0;0;0;0;2;0;0;0
;;31;Verkuijlen, R.;6;1;0;1;0;0;0;0;0;0;0;0;0;0;0;3;0;1;0
;;32;Richardson, S.M.;30;0;1;1;2;10;1;2;0;2;0;0;3;1;0;4;1;1;1
;;33;de Beer, M.E.E.;15;1;0;0;4;1;3;0;0;1;0;0;0;1;0;2;1;1;0
;;34;van Strien, P.J.T.;5;0;0;0;3;1;0;0;0;0;0;0;0;0;0;1;0;0;0
;;35;Hartsuiker, R.J.J.;15;0;0;1;2;1;2;2;0;1;0;0;2;0;0;2;0;1;1
;;36;Klein Lankhorst, H.;6;0;0;0;3;1;1;0;0;0;0;0;0;0;0;0;0;1;0
;;37;Haverkort, E.A.;11;0;0;0;0;2;6;0;0;1;0;0;0;0;0;0;1;1;0
;;38;Simons, C.;5;0;0;0;0;1;1;0;1;2;0;0;0;0;0;0;0;0;0
;;39;Bijenhof, Y.;14;0;0;0;0;2;0;1;0;2;0;0;0;0;0;4;4;0;1
;;40;van Groningen, D.A.;14;0;0;0;2;1;1;3;0;1;0;0;0;0;0;3;1;1;1
;;41;Zeeuw van der Laan, E.M.;10;3;0;0;0;1;0;0;0;1;0;0;2;0;0;2;0;1;0
;;42;Volkman, Y.;8;1;0;0;0;2;0;0;0;0;0;0;0;1;0;1;2;1;0
;;43;van Kessel, P.W.;8;0;0;1;0;1;0;0;0;0;1;0;3;0;0;1;1;0;0
;;44;Rahimi, H.;13;0;0;0;0;6;0;0;0;1;0;0;1;0;1;0;0;4;0
;;45;Omlo, B.F.;1;0;0;0;0;0;0;0;0;1;0;0;0;0;0;0;0;0;0
;;46;Yizhak Cooremans, R.A.T.;2;0;0;0;0;0;0;0;0;1;0;0;0;0;0;0;0;1;0
;;47;Nelisse, R.M.L.;16;2;0;0;0;1;3;2;0;3;0;0;0;0;0;2;1;0;2
;;48;de Wit, B.G.P.;5;0;0;0;0;2;0;0;0;0;1;0;0;0;1;0;0;0;1
;;49;van Meerten-Kok, M.A.;5;1;0;0;0;2;0;0;0;0;0;0;0;1;0;1;0;0;0
;;50;Hoogezand, B.;9;0;0;1;3;1;0;0;0;0;0;0;1;0;0;0;3;0;0
;;51;Achterbergh, M.;2;0;0;0;0;0;0;0;0;0;0;0;0;0;0;2;0;0;0
;;52;Wendel, H.;52;1;0;0;9;16;4;2;0;8;0;0;2;1;0;3;1;5;0
;;53;Kohli, N.R.;7;0;0;0;1;3;0;0;0;0;0;0;0;0;0;1;2;0;0
;;54;Klerks, I.C.;1;0;0;0;0;1;0;0;0;0;0;0;0;0;0;0;0;0;0
;;55;Dijkema, H.M.;1;0;0;0;0;1;0;0;0;0;0;0;0;0;0;0;0;0;0
;;56;Elkerbout, A.;4;0;0;0;0;2;0;0;0;0;0;0;0;0;0;2;0;0;0
;;57;van Rijn, D.;2;0;0;0;0;0;0;0;0;0;0;0;0;0;0;2;0;0;0
;;58;Aptroot, B.W.;4;0;0;0;1;1;1;0;0;1;0;0;0;0;0;0;0;0;0
;;59;de Regt, L.H.P.;2;0;0;0;0;0;0;0;0;0;0;0;0;0;0;1;0;1;0
;;60;van Veen, J.;57;0;0;0;33;8;1;2;0;2;0;0;5;1;0;4;1;0;0
;;61;Vulpes, M.J.;6;0;0;0;0;2;0;0;0;1;0;0;0;0;0;3;0;0;0
;;62;van Os, J.L.P.;9;0;0;0;4;0;0;0;0;0;0;0;2;0;0;1;2;0;0
;;63;van der Klauw, R.A.;3;0;0;0;0;2;0;0;0;0;0;0;0;0;0;1;0;0;0
;;64;Rahmani, A.;3;0;0;0;0;1;0;0;0;0;0;0;0;0;0;1;1;0;0
;;65;Bouma, R.A.;50;2;0;1;5;8;2;0;0;6;1;0;0;4;1;2;1;1;16
;;66;van Berlo, J.T.M.;4;0;0;0;0;1;0;0;0;0;0;0;0;1;0;2;0;0;0
;;67;Talens, A.E.;8;0;2;0;1;3;0;1;0;1;0;0;0;0;0;0;0;0;0
;;68;Bruin, R.N.;8;0;0;0;1;1;0;0;0;2;0;0;1;2;0;1;0;0;0
;;69;van 't Hull-Bettink, G.D.W.;2;0;0;0;0;0;1;0;0;1;0;0;0;0;0;0;0;0;0
;;70;Gadella, J.A.N.;2;1;0;1;0;0;0;0;0;0;0;0;0;0;0;0;0;0;0
;;71;Vermeulen, D.;4;0;0;0;1;0;1;0;0;0;0;0;1;0;0;0;0;1;0
;;72;van Noort-Cnossen, M.G.;5;0;0;0;0;0;0;0;0;0;0;0;0;1;0;3;0;1;0
;;73;Van der Sanden, M.M.E.;4;0;0;0;0;1;0;0;0;0;0;0;0;0;0;0;2;1;0
;;74;Rodoe, H.;1;0;0;0;0;0;0;0;0;0;0;0;0;0;0;1;0;0;0
;;75;Schollink, C.D.;0;0;0;0;0;0;0;0;0;0;0;0;0;0;0;0;0;0;0
;;76;de Wolff, I.;125;1;0;1;9;5;1;1;1;5;1;0;1;2;1;11;78;5;2
;;77;de Boer, Y.;120;3;0;1;32;11;7;26;0;7;1;0;1;3;1;12;10;4;1
;;78;Yildirim, M.;3;0;0;1;0;0;0;0;0;0;0;0;0;0;0;2;0;0;0
;;79;Mulder, H.;17;0;0;3;1;6;1;1;0;0;0;0;3;0;0;1;0;1;0
;;80;van der Weijden, M.;74;2;0;4;13;11;3;1;1;9;0;0;3;5;2;5;7;5;3
2;D66;;;18249;341;179;404;1823;4809;564;872;69;1407;274;80;565;838;233;2608;1382;1083;718
;;1;Jetten, R.A.A.;11945;215;130;282;1147;3002;388;564;47;910;186;55;400;571;156;1742;915;749;486
;;2;Paternotte, J.M.;459;5;2;7;52;135;11;12;0;43;10;2;21;19;3;67;29;18;23
;;3;Vijlbrief, J.A.;390;9;10;4;42;98;18;21;3;33;5;1;11;12;5;52;29;18;19
;;4;Podt, A.;1404;26;10;29;140;436;46;68;5;108;30;2;36;44;16;190;104;68;46
;;5;Sneller, J.C.;23;1;0;0;1;12;0;1;0;1;0;1;0;1;1;1;2;0;1
;;6;Rooderkerk, I.;191;4;3;5;15;65;5;16;2;14;2;1;6;3;3;21;9;11;6
;;7;Paulusma, W.;805;22;8;14;67;201;31;44;3;85;11;4;17;48;10;91;57;55;37
;;8;van der Werf, J.J.;116;3;0;2;14;32;5;3;0;8;0;2;3;4;1;19;12;3;5
;;9;Bamenga, P.;46;1;0;1;1;16;0;1;0;1;1;0;1;3;1;5;8;4;2
;;10;de Groot, T.C.;875;16;5;16;80;183;21;51;4;57;2;2;15;44;18;179;95;60;27
;;11;Synhaeve, M.;128;2;0;3;12;42;1;6;0;8;5;1;5;7;0;19;7;5;5
;;12;van Ginneken, L.M.;116;2;1;6;10;45;5;4;0;9;1;0;2;2;0;15;6;3;5
;;13;Belhaj, S.;41;0;0;1;2;19;1;0;0;1;1;0;0;2;0;11;1;2;0
;;14;Boulakjar, F.;9;0;0;0;1;1;1;0;0;1;0;0;0;0;0;3;1;0;1
;;15;Sahla, F.;19;1;0;1;2;7;0;0;0;3;0;1;0;0;0;1;2;1;0
;;16;Klos, F.C.O.;9;1;0;0;0;2;0;0;0;1;0;1;0;0;0;1;2;1;0
;;17;Kat, H.;25;1;0;1;2;7;0;0;0;5;3;0;0;1;0;4;0;1;0
;;18;Warmerdam, S.;10;0;0;0;0;1;2;0;0;1;1;0;0;0;0;2;2;1;0
;;19;Alberg, S.T.;14;0;0;1;2;4;0;1;0;0;1;0;0;0;0;2;1;2;0
;;20;Hammelburg, A.R.;8;0;0;0;1;5;0;0;0;0;0;0;0;0;0;0;2;0;0
;;21;Hollander, J.;750;25;3;9;163;138;14;50;0;62;5;3;30;40;7;83;63;34;21
;;22;ten Dolle, L.;16;0;0;1;2;4;0;1;0;1;0;0;0;0;0;3;0;3;1
;;23;Blommers, D.;5;0;0;0;0;4;0;0;0;0;0;0;0;0;0;1;0;0;0
;;24;van Breugel, C.;28;1;0;3;0;12;1;0;0;3;0;0;1;2;0;4;0;0;1
;;25;Teunissen, J.C.M.;5;0;0;0;0;4;0;0;0;1;0;0;0;0;0;0;0;0;0
;;26;Çimen, M.;7;0;0;0;1;4;0;1;0;0;0;0;0;0;0;1;0;0;0
;;27;Oualhadj, A.;6;0;0;0;2;3;0;0;0;0;0;0;0;0;0;1;0;0;0
;;28;Putuhena, M.;1;0;0;0;0;0;0;0;0;0;0;0;0;0;0;1;0;0;0
;;29;Keij, E.J.;10;0;0;0;1;2;0;0;0;1;0;0;0;0;0;5;1;0;0
;;30;Brink, V.J.;6;0;0;0;0;1;0;0;0;1;0;0;1;1;0;1;1;0;0
;;31;van Dorst, P.A.;4;0;0;0;0;1;0;1;0;2;0;0;0;0;0;0;0;0;0
;;32;Wijnja, G.H.;10;0;0;0;2;3;0;0;0;0;0;0;0;0;0;3;1;0;1
;;33;de Vries, M.M.;10;0;0;0;0;5;0;0;0;2;0;0;1;0;0;1;0;1;0
;;34;Schoonbeek, F.;4;0;0;0;1;0;0;0;0;0;1;0;0;0;0;0;1;1;0
;;35;Mathlouti, M.;4;0;0;1;0;3;0;0;0;0;0;0;0;0;0;0;0;0;0
;;36;Ruttenberg, W.C.J.;1;0;0;0;0;1;0;0;0;0;0;0;0;0;0;0;0;0;0
;;37;Koops, J.H.;3;1;0;0;0;0;0;0;0;0;0;0;0;1;0;0;0;1;0
;;38;Hagen, K.B.;34;1;0;1;7;11;0;2;0;1;0;0;0;0;0;4;4;1;2
;;39;Hiemstra, G.J.;1;1;0;0;0;0;0;0;0;0;0;0;0;0;0;0;0;0;0
;;40;Keijmel - den Boer, J.M.I.;12;0;0;1;0;7;1;0;0;1;0;0;0;0;0;0;2;0;0
;;41;Tjeerdema, H.;344;0;1;6;7;203;5;8;0;16;0;1;3;15;7;26;6;21;19
;;42;Woudstra, E.;5;0;0;0;1;0;0;1;0;0;0;0;0;0;0;2;0;0;1
;;43;Olsthoorn, A.;3;0;0;0;1;1;0;0;0;0;0;0;1;0;0;0;0;0;0
;;44;van Peski, C.J.;2;0;0;0;0;0;0;0;0;1;0;0;0;1;0;0;0;0;0
;;45;van Hattum, B.;0;0;0;0;0;0;0;0;0;0;0;0;0;0;0;0;0;0;0
;;46;Dekker-Abdulaziz, H.;4;0;0;0;1;0;0;2;0;0;0;0;0;0;0;0;1;0;0
;;47;van Driel, M.;7;0;0;0;3;2;0;0;0;1;0;0;1;0;0;0;0;0;0
;;48;Ruijs, L.J.M.;3;0;0;0;0;1;0;0;0;0;1;0;0;0;0;0;0;0;1
;;49;van der Gaag, P.J.;1;0;0;0;0;0;0;0;0;0;0;0;0;0;0;1;0;0;0
;;50;Bosters, E.L.;1;0;0;0;0;0;0;0;0;1;0;0;0;0;0;0;0;0;0
;;51;Hoevers, J.;1;0;0;0;0;0;0;0;0;1;0;0;0;0;0;0;0;0;0
;;52;van de Vijver, V.F.;2;0;0;0;0;1;0;1;0;0;0;0;0;0;0;0;0;0;0
;;53;Vemer, P.;3;0;0;0;0;1;0;0;0;0;0;0;0;0;0;2;0;0;0
;;54;Wallast, R.D.;0;0;0;0;0;0;0;0;0;0;0;0;0;0;0;0;0;0;0
;;55;André, E.S.;3;0;0;0;0;0;0;0;0;0;0;0;0;1;0;2;0;0;0
;;56;Wesseling, A.;4;0;1;0;0;1;0;1;0;0;0;0;0;0;0;0;0;0;1
;;57;Maessen, R.J.M.;0;0;0;0;0;0;0;0;0;0;0;0;0;0;0;0;0;0;0
;;58;Schoonen, M.;4;0;0;0;0;2;0;0;0;0;0;0;0;0;2;0;0;0;0
;;59;Pi Van de Venne, P.R.;1;0;0;0;0;0;0;0;0;0;0;1;0;0;0;0;0;0;0
;;60;Jenneskens, M.T.P.;2;0;0;0;0;0;0;0;0;0;0;0;0;0;0;2;0;0;0
;;61;Janssen, S.L.J.;0;0;0;0;0;0;0;0;0;0;0;0;0;0;0;0;0;0;0
;;62;de Vries, L.;5;0;0;0;1;1;0;0;0;0;0;0;2;1;0;0;0;0;0
;;63;Chaban, S.;1;0;0;0;0;0;0;0;0;0;0;0;0;0;0;1;0;0;0
;;64;Louhenapessij, A.F.;0;0;0;0;0;0;0;0;0;0;0;0;0;0;0;0;0;0;0
;;65;Nooitmeer, L.I.;5;0;0;0;2;1;1;0;0;0;0;0;0;1;0;0;0;0;0
;;66;van Essen, J.;0;0;0;0;0;0;0;0;0;0;0;0;0;0;0;0;0;0;0
;;67;Nunnely, J.M.;0;0;0;0;0;0;0;0;0;0;0;0;0;0;0;0;0;0;0
;;68;Türkkol, N.;0;0;0;0;0;0;0;0;0;0;0;0;0;0;0;0;0;0;0
;;69;van der Voort, P.H.J.;27;0;0;2;1;5;1;0;0;0;0;0;0;2;0;4;2;10;0
;;70;Hendrickx, M.T.M.;0;0;0;0;0;0;0;0;0;0;0;0;0;0;0;0;0;0;0
;;71;Gräper-van Koolwijk, F.Q.;17;0;0;0;3;5;0;0;0;1;2;1;1;0;1;2;0;0;1
;;72;Weerwind, F.M.;1;0;0;0;0;0;0;0;0;0;1;0;0;0;0;0;0;0;0
;;73;van Huffelen, A.C.;5;0;0;0;1;1;0;0;0;1;0;0;0;0;0;1;1;0;0
;;74;Kuipers, E.J.;17;0;0;1;1;5;0;0;0;2;0;0;1;2;1;2;1;1;0
;;75;Ollongren, K.H.;12;0;0;0;3;5;0;2;0;0;1;0;0;0;0;0;0;1;0
;;76;Dijkgraaf, R.H.;75;2;0;1;8;19;1;6;2;11;0;0;1;2;0;14;5;2;1
;;77;Uslu, G.;11;0;1;1;3;2;0;0;0;0;0;0;0;0;0;1;1;2;0
;;78;Pechtold, A.;17;0;0;0;0;6;0;0;0;2;1;0;2;1;1;1;2;0;1
;;79;Terlouw, J.C.;17;0;0;1;2;7;1;0;0;2;0;0;0;3;0;0;0;1;0
;;80;Kaag, S.A.M.;99;1;4;3;15;24;4;4;3;4;3;1;3;4;0;14;6;2;4
3;GROENLINKS / Partij van de Arbeid (PvdA);;;61195;1374;460;1454;5456;17171;2110;2792;240;4982;639;235;1979;2780;1008;8125;3904;4015;2471
;;1;Timmermans, F.C.G.M.;28016;722;226;756;2639;7281;1161;1366;105;2574;304;102;1099;1282;495;3061;1904;1732;1207
;;2;Lahlah, A.;5078;89;54;120;411;1702;163;222;24;423;78;28;190;192;58;539;301;271;213
;;3;Klaver, J.F.;4992;107;33;116;439;1402;210;236;21;465;45;17;194;219;58;552;333;306;239
;;4;Piri, K.P.;1115;22;17;33;89;333;57;48;11;91;17;8;46;36;14;112;72;58;51
;;5;Westerveld, E.M.;3276;73;29;62;267;1079;109;142;14;263;38;26;91;150;47;371;229;181;105
;;6;Patijn, M.H.;198;5;2;3;18;59;2;12;1;10;4;2;4;5;0;25;21;16;9
;;7;Kröger, S.C.;368;3;0;8;37;116;7;20;7;32;8;4;25;14;3;40;19;17;8
;;8;Bushoff, T.J.;477;21;13;2;35;123;29;26;8;78;16;4;20;21;7;22;19;15;18
;;9;van der Lee, T.M.T.;76;1;1;2;9;23;1;4;1;10;1;0;1;4;0;8;3;5;2
;;10;Mutluer, S.;107;2;0;3;12;47;1;2;0;7;1;0;1;1;1;14;5;5;5
;;11;Bromet, L.;615;9;5;16;45;223;16;31;3;34;13;6;26;23;8;67;39;31;20
;;12;de Hoop, H.E.;12231;226;48;250;1099;2888;202;504;13;671;41;12;151;616;234;2905;786;1156;429
;;13;Maatoug, S.;134;0;2;5;10;61;2;4;0;9;4;2;3;2;1;9;7;9;4
;;14;Mohandis, M.;63;0;0;2;10;23;1;2;1;6;1;0;2;1;3;3;0;2;6
;;15;Gabriëls, G.J.W.;34;2;1;1;2;13;1;1;0;3;3;1;0;3;1;0;1;1;0
;;16;Thijssen, J.;32;1;0;1;2;11;0;1;0;5;1;0;1;2;0;0;6;1;0
;;17;Bouchallikh, K.;155;4;0;5;9;61;5;2;0;14;4;0;4;2;1;21;7;11;5
;;18;Kathmann, B.C.;71;1;2;1;6;21;3;3;0;7;1;1;4;2;1;7;2;5;4
;;19;Slagt-Tichelman, E.;342;4;3;2;29;82;62;19;5;32;3;2;19;16;4;22;13;12;13
;;20;Tseggai, M.;89;0;0;1;5;34;0;2;0;8;0;0;2;4;5;12;2;6;8
;;21;White, R.J.;25;1;0;0;3;11;0;1;0;1;0;0;1;3;0;2;1;1;0
;;22;Pijpelink, A.;113;0;1;2;17;41;1;2;2;10;4;0;7;4;0;10;5;4;3
;;23;Chakor, G.;550;22;5;6;43;212;18;29;11;61;5;2;12;24;13;33;15;23;16
;;24;Nordkamp, J.;23;0;2;0;2;10;1;0;0;2;1;0;1;0;0;2;1;1;0
;;25;Stultiens, L.C.J.;25;0;0;0;2;12;0;0;0;3;0;1;0;2;0;1;2;2;0
;;26;Haage, M.W.;220;4;4;2;18;78;5;8;0;9;4;0;10;17;3;32;5;10;11
;;27;Hirsch, D.H.;297;1;4;1;14;126;2;8;7;22;10;6;7;18;6;34;15;10;6
;;28;de Jong, H.A.;62;0;0;2;2;19;1;0;0;2;0;0;2;5;0;24;1;3;1
;;29;Postma, J.P.;13;3;0;1;2;1;0;0;0;0;0;0;0;0;0;3;1;1;1
;;30;Oosting, I.;237;8;0;7;27;81;11;16;2;11;6;2;11;1;5;25;10;8;6
;;31;de Boer, M.M.;75;2;1;2;5;29;3;0;0;4;2;0;3;1;2;9;4;3;5
;;32;Daenen, J.W.B.;9;1;0;0;0;4;0;1;0;2;0;0;0;0;0;1;0;0;0
;;33;Ranshuijsen, A.B.;94;1;0;5;5;45;5;6;0;3;1;1;0;4;1;5;2;6;4
;;34;Köseoglu, E.;70;1;1;0;5;34;2;2;1;0;3;1;2;2;1;6;2;3;4
;;35;van Roemburg, E.T.W.;25;1;0;0;4;9;2;1;0;1;0;0;0;0;2;0;2;1;2
;;36;Nessar, A.;8;0;0;0;0;2;1;0;0;1;1;0;0;0;0;3;0;0;0
;;37;Muns, L.;14;0;0;1;0;6;3;0;0;1;0;0;0;0;0;2;1;0;0
;;38;Vrolijks, I.L.;143;3;0;6;13;61;2;3;0;9;1;0;2;7;3;14;11;3;5
;;39;Smits, P.L.;12;1;0;0;1;3;0;0;0;1;0;0;0;0;2;1;1;0;2
;;40;Nabih, M.;13;0;0;0;2;8;0;0;0;1;0;0;0;0;0;2;0;0;0
;;41;Rietveld, M.D.;5;0;0;0;1;1;0;0;0;2;0;0;0;0;0;1;0;0;0
;;42;Torunoglu, Y.;9;0;0;0;0;3;0;0;0;0;0;0;0;0;0;3;2;1;0
;;43;de Bruijn, E.;77;0;0;0;5;27;4;2;2;7;1;0;5;5;0;8;4;6;1
;;44;Bosman, E.M.;16;1;0;2;3;1;0;0;0;1;1;0;0;1;4;0;0;2;0
;;45;Kuipers, C.M.;1426;28;4;25;92;705;16;60;1;82;11;7;21;85;22;100;42;77;48
;;46;van Schalkwijk, M.W.;28;0;1;0;4;10;0;3;0;0;0;0;1;2;0;3;0;4;0
;;47;Boshove, R.;0;0;0;0;0;0;0;0;0;0;0;0;0;0;0;0;0;0;0
;;48;Meijerink, E.G.;52;2;1;2;7;13;0;2;0;2;2;0;7;1;2;4;4;2;1
;;49;de Vries, J.H.;17;1;0;1;0;9;0;0;0;0;0;0;1;0;0;3;0;2;0
;;50;Hümmels, Y.A.;68;1;0;0;6;28;1;1;0;2;3;0;3;3;1;4;4;2;9
4;PVV (Partij voor de Vrijheid);;;102524;6157;608;2841;7374;16623;4572;4558;105;8387;764;146;4766;5164;3707;13185;8540;7210;7817
;;1;Wilders, G.;91789;5662;561;2563;6508;14628;4115;4065;90;7459;671;121;4398;4564;3369;11731;7694;6468;7122
;;2;Agema, M.;5441;211;30;158;404;1080;248;216;7;379;63;10;220;289;176;784;487;368;311
;;3;van Meetelen, R.F.;203;4;3;8;20;34;8;5;0;23;3;1;6;11;8;26;13;11;19
;;4;Markuszower, G.;55;1;0;0;6;16;1;3;0;2;0;0;1;3;0;9;3;5;5
;;5;Bosma, M.;2145;92;8;59;194;413;77;94;4;164;19;10;61;108;67;305;154;143;173
;;6;Claassen, R.A.B.;25;0;0;1;3;5;0;0;0;2;0;0;0;2;2;2;3;2;3
;;7;Faber, M.H.M.;166;10;2;8;19;30;10;13;0;15;0;1;5;8;2;18;8;9;8
;;8;Mulder, E.;92;4;0;2;10;14;5;5;0;6;0;0;7;4;1;10;11;7;6
;;9;Maeijer, V.;84;2;0;2;6;19;4;1;0;7;0;0;4;1;1;17;8;7;5
;;10;van Dijck, A.P.C.;12;2;1;1;1;1;0;0;0;2;1;0;0;0;0;2;1;0;0
;;11;Kops, A.;22;0;0;0;1;3;3;1;0;4;0;0;1;0;1;4;1;1;2
;;12;Madlener, B.;25;0;0;0;4;8;1;1;0;0;0;0;0;0;0;5;0;5;1
;;13;de Jong, L.W.E.;40;3;0;1;5;6;3;2;0;0;0;0;1;1;0;4;6;4;4
;;14;Graus, D.J.G.;37;2;1;2;2;7;2;2;0;4;0;0;1;0;0;4;3;2;5
;;15;Blaauw, R.B.;36;2;0;0;1;8;5;0;1;4;0;0;1;2;0;6;0;3;3
;;16;de Roon, R.;13;1;0;1;1;1;1;0;0;1;0;0;0;4;2;0;0;0;1
;;17;van Dijk, E.;6;0;0;0;1;1;0;0;0;1;0;0;0;0;0;2;0;0;1
;;18;de Vree, J.H.;19;0;0;0;0;1;0;0;0;1;0;0;1;4;1;2;1;6;2
;;19;Aardema, M.;1855;134;1;20;155;248;59;132;3;276;1;3;36;139;63;202;122;134;127
;;20;van der Velde, M.K.;89;7;0;2;7;19;4;3;0;9;0;0;2;7;5;6;8;4;6
;;21;van der Hoeff, P.H.;2;0;0;0;0;1;0;0;0;1;0;0;0;0;0;0;0;0;0
;;22;Deen, M.;9;0;0;0;0;2;0;0;0;1;0;0;3;0;1;2;0;0;0
;;23;Nijhof-Leeuw, J.M.;62;2;0;2;4;12;5;1;0;6;1;0;7;5;0;6;4;5;2
;;24;Boon, M.C.H.;5;0;0;1;1;3;0;0;0;0;0;0;0;0;0;0;0;0;0
;;25;Mooiman, J.;22;0;0;2;1;2;2;2;0;3;0;0;1;0;0;5;0;4;0
;;26;Ram, D.;47;4;1;1;4;7;5;2;0;3;0;0;4;4;1;4;3;1;3
;;27;Vlottes, E.;6;0;0;0;0;1;0;0;0;1;0;0;0;0;1;3;0;0;0
;;28;Smitskam, P.;5;0;0;0;0;0;0;0;0;0;0;0;0;1;0;2;0;2;0
;;29;Esser, E.R.F.;3;0;0;0;0;3;0;0;0;0;0;0;0;0;0;0;0;0;0
;;30;Boutkan, W.;4;1;0;0;0;1;0;0;0;0;1;0;0;0;0;1;0;0;0
;;31;van den Born, V.H.;6;1;0;1;0;1;0;0;0;1;1;0;0;0;0;0;0;1;0
;;32;Crijns, P.P.;3;0;0;0;0;1;0;0;0;0;1;0;0;0;0;0;0;1;0
;;33;van Haasen, J.P.;8;0;0;0;0;1;0;0;0;0;0;0;0;0;0;3;0;4;0
;;34;Vondeling, M.;53;1;0;2;4;15;7;3;0;0;1;0;2;0;0;7;2;6;3
;;35;Valize, J.J.T.M.;1;0;0;0;0;0;0;0;0;1;0;0;0;0;0;0;0;0;0
;;36;Heutink, H.D.;6;0;0;0;0;1;0;3;0;0;0;0;1;0;1;0;0;0;0
;;37;Pool, J.;3;0;0;0;0;0;0;2;0;0;0;0;0;0;0;0;1;0;0
;;38;Faddegon, C.J.;2;0;0;0;1;0;0;0;0;1;0;0;0;0;0;0;0;0;0
;;39;Uppelschoten, N.A.;8;3;0;0;0;1;0;1;0;0;0;0;1;0;1;0;0;0;1
;;40;Rep, R.J.H.H.;29;1;0;0;3;10;1;1;0;1;0;0;1;1;0;4;2;2;2
;;41;Thiadens, F.M.;7;1;0;0;0;1;1;0;0;0;0;0;1;1;0;2;0;0;0
;;42;Raijer, A.J.;36;4;0;0;4;8;2;0;0;6;0;0;0;4;0;4;2;2;0
;;43;van Bijnen, H.M.;0;0;0;0;0;0;0;0;0;0;0;0;0;0;0;0;0;0;0
;;44;van Hattem, A.W.J.A.;5;0;0;1;0;1;0;0;0;0;0;0;0;0;1;0;0;1;1
;;45;van Strien, G.A.;38;2;0;3;4;9;3;0;0;3;1;0;0;1;3;3;3;2;1
5;CDA;;;22478;1567;166;450;1225;2591;700;949;40;1856;141;23;608;1514;890;3581;2062;1906;2209
;;1;Bontenbal, H.;16012;595;145;370;947;1942;530;678;34;1410;120;19;487;1011;587;2652;1498;1378;1609
;;2;Vedder, E.C.;1041;36;4;21;88;146;63;53;3;97;10;2;70;44;18;157;91;66;72
;;3;Boswijk, D.G.;96;6;1;2;4;11;1;3;0;6;0;0;5;6;2;22;8;6;13
;;4;van Dijk, I.;124;4;2;2;4;28;3;3;0;10;1;1;4;9;4;24;10;8;7
;;5;Krul, H.M.;51;0;0;1;5;11;2;1;0;1;1;0;1;0;0;10;9;6;3
;;6;Palland-Mulder, H.M.;77;3;0;2;5;14;5;2;0;1;0;0;3;6;0;15;13;5;3
;;7;van den Brink, G.;20;0;2;0;1;4;3;0;0;0;0;0;0;1;1;2;3;0;3
;;8;Absil, M.G.J.A.C.;7;0;0;0;0;4;0;0;0;1;1;0;0;0;0;1;0;0;0
;;9;Steen, H.S.;34;1;0;10;4;5;0;2;0;2;0;0;1;0;0;4;1;1;3
;;10;Kuik, A.;76;0;0;0;7;16;2;8;0;6;1;0;3;5;4;11;5;3;5
;;11;Spoelstra, J.;4376;914;9;24;134;265;78;177;2;286;2;1;26;401;262;602;370;377;446
;;12;Slootweg, E.J.;10;1;0;0;0;2;2;0;0;0;0;0;0;1;0;2;2;0;0
;;13;Chaoui-Nhass, S.;4;0;0;0;0;2;0;0;0;0;0;0;0;0;0;0;2;0;0
;;14;Zwinkels, J.M.;14;0;1;0;1;2;1;3;0;1;0;0;0;1;0;0;1;2;1
;;15;Diederen, R.;17;0;0;0;0;1;0;0;0;0;0;0;0;0;0;0;1;0;15
;;16;Hamstra, S.;10;0;0;1;0;3;1;1;0;0;0;0;1;1;0;1;0;1;0
;;17;Houmes, E.S.;9;1;0;0;1;3;0;1;0;0;0;0;0;0;0;0;2;0;1
;;18;van den Berg, J.H.C.;10;0;0;0;0;1;0;0;0;1;0;0;0;0;0;3;1;2;2
;;19;de Haan, J.D.P.;31;0;0;0;4;6;4;0;0;4;0;0;0;2;0;2;2;5;2
;;20;Vermeer, J.;4;0;0;0;1;0;0;0;0;0;0;0;0;0;0;1;0;2;0
;;21;van der Heide, E.J.;9;0;0;0;2;1;0;1;0;1;0;0;0;0;0;3;0;0;1
;;22;Goos, J.C.M.;10;0;0;0;0;3;0;0;0;1;0;0;0;0;0;1;5;0;0
;;23;Boogaard, P.;6;0;0;0;1;1;0;0;0;1;0;0;0;1;0;0;1;1;0
;;24;Goudzwaard-Wiersma, W.;362;4;1;15;14;105;1;12;1;22;3;0;5;22;9;60;30;39;19
;;25;Segers-Hoogendoorn, R.G.C.;5;0;0;2;1;0;0;0;0;0;0;0;0;1;0;0;0;1;0
;;26;van Gijssel, A.K.;2;0;0;0;1;0;0;0;0;1;0;0;0;0;0;0;0;0;0
;;27;Goudriaan, L.H.;0;0;0;0;0;0;0;0;0;0;0;0;0;0;0;0;0;0;0
;;28;van Lagen, M.;1;0;0;0;0;0;0;0;0;0;0;0;0;0;0;1;0;0;0
;;29;van der Spek, A.M.;3;1;0;0;0;0;0;1;0;0;0;0;0;0;0;0;1;0;0
;;30;Out, F.M.S.;1;0;0;0;0;1;0;0;0;0;0;0;0;0;0;0;0;0;0
;;31;Silos, J.J.;2;0;0;0;0;0;2;0;0;0;0;0;0;0;0;0;0;0;0
;;32;Tuncer, Y.;2;0;0;0;0;1;0;0;0;1;0;0;0;0;0;0;0;0;0
;;33;Broekhuis, J.C.;1;0;0;0;0;0;0;0;0;0;0;0;0;1;0;0;0;0;0
;;34;van den Oever, J.A.;0;0;0;0;0;0;0;0;0;0;0;0;0;0;0;0;0;0;0
;;35;van den Berg, J.A.M.J.;2;0;0;0;0;0;0;0;0;0;1;0;0;0;0;0;0;0;1
;;36;Beers, A.M.A.G.;4;0;0;0;0;1;0;0;0;0;0;0;0;0;1;0;2;0;0
;;37;van Luik, D.A.N.;3;0;0;0;0;0;0;0;0;0;0;0;1;0;1;0;1;0;0
;;38;van Dekken, B.;1;0;0;0;0;0;0;0;0;0;0;0;0;0;0;0;1;0;0
;;39;Luijten, S.C.A.;0;0;0;0;0;0;0;0;0;0;0;0;0;0;0;0;0;0;0
;;40;Dost, H.J.;2;0;0;0;0;2;0;0;0;0;0;0;0;0;0;0;0;0;0
;;41;Buijs, T.S.F.;3;0;0;0;0;0;0;0;0;0;1;0;0;0;0;1;0;1;0
;;42;van de Giessen, L.H.;11;0;0;0;0;6;1;1;0;0;0;0;1;0;0;0;1;1;0
;;43;Bracke, D.G.A.J.;3;0;0;0;0;0;0;0;0;0;0;0;0;1;1;1;0;0;0
;;44;Joosten, J.P.J.;2;0;0;0;0;1;0;0;0;0;0;0;0;0;0;0;0;0;1
;;45;Meppelink, E.M.;10;0;0;0;0;3;0;1;0;1;0;0;0;0;0;2;1;0;2
;;46;van Dijk, Q.A.;2;0;0;0;0;0;1;0;0;1;0;0;0;0;0;0;0;0;0
;;47;van Lankvelt, F.J.M.;1;0;0;0;0;0;0;0;0;0;0;0;0;0;0;0;0;1;0
;;48;Siegmann, A.H.;0;0;0;0;0;0;0;0;0;0;0;0;0;0;0;0;0;0;0
;;49;van de Kamp, L.B.;7;1;1;0;0;0;0;1;0;1;0;0;0;0;0;3;0;0;0
6;SP (Socialistische Partij);;;14266;393;66;441;1171;3066;598;740;34;1266;132;43;644;689;303;1881;908;1035;856
;;1;Marijnissen, L.M.C.;11790;333;53;377;983;2431;476;614;28;1025;115;29;550;556;261;1595;775;880;709
;;2;Beckerman, S.M.;870;29;7;18;63;197;56;51;4;97;7;5;36;40;16;93;43;58;50
;;3;van Kent, B.;50;3;0;0;1;11;4;2;0;2;1;0;4;2;2;10;1;1;6
;;4;Dijk, J.P.;144;3;0;7;5;33;7;8;0;18;1;0;7;12;0;15;14;4;10
;;5;van Nispen, M.;25;1;0;0;1;8;4;2;0;1;0;0;2;0;1;1;2;1;1
;;6;Dobbe, S.E.M.;135;3;2;2;12;38;3;5;1;9;1;0;4;9;2;22;7;7;8
;;7;Temmink, N.G.J.;135;3;1;6;7;41;5;7;0;10;0;1;10;8;1;17;7;5;6
;;8;ten Broeke, M.J.;13;0;0;0;0;1;0;0;0;3;0;0;2;0;1;2;3;1;0
;;9;van Dijk, J.J.;46;0;0;2;4;11;1;0;0;5;0;1;0;5;0;10;1;5;1
;;10;Meijer, B.W.V.;22;0;0;3;2;7;0;0;0;2;0;0;0;4;0;2;1;0;1
;;11;Elfrink, G.E.;10;0;0;0;2;2;0;0;0;0;0;0;1;0;0;4;1;0;0
;;12;Wolters Gregório, J.;10;0;1;0;0;0;0;0;0;0;0;0;0;0;0;6;0;0;3
;;13;Boerwinkel, E.M.J.;14;1;0;0;4;3;1;0;0;1;0;0;0;0;0;1;1;0;2
;;14;Alberts, R.;18;0;0;1;1;4;2;0;0;1;0;0;0;2;0;4;0;1;2
;;15;van der Nat, H.F.A.;6;0;0;1;1;2;0;0;0;0;0;0;1;0;0;0;1;0;0
;;16;Memiş, M.;10;0;0;0;1;2;0;0;0;1;0;0;1;1;0;1;0;3;0
;;17;van Dijk, D.;38;0;0;3;4;15;1;0;0;1;0;0;0;1;0;3;5;3;2
;;18;de Ridder, N.;18;2;0;0;3;5;1;0;0;3;0;0;1;0;0;0;0;3;0
;;19;Yahyaoui, J.;27;0;0;1;1;12;1;3;1;4;1;0;0;0;0;2;0;1;0
;;20;van Boven, A.W.;8;0;0;1;0;2;1;1;0;2;1;0;0;0;0;0;0;0;0
;;21;Coppus, T.H.C.;2;0;0;0;0;1;0;0;0;0;0;0;0;0;0;0;0;0;1
;;22;Topma, X.M.;14;0;0;1;1;4;1;0;0;0;0;0;5;0;0;1;0;0;1
;;23;van Wijngaarden, T.J.J.;6;0;0;0;0;1;1;0;0;2;0;0;0;1;0;1;0;0;0
;;24;Coşkun, T.S.J.;3;0;0;0;0;1;1;0;0;0;0;0;1;0;0;0;0;0;0
;;25;van den Hout, S.G.;1;0;0;0;0;0;0;0;0;0;0;0;0;0;0;0;0;1;0
;;26;van der Wijk, N.H.F.;2;0;0;0;0;0;0;0;0;0;0;0;0;0;1;0;1;0;0
;;27;Verdaasdonk, I.;9;0;0;1;0;1;0;0;0;1;0;1;0;1;0;0;2;0;2
;;28;van Rossum, L.;8;0;0;0;2;2;0;0;0;2;0;1;0;0;0;0;0;1;0
;;29;Rongen, K.S.;13;0;0;1;1;3;2;1;0;3;0;0;0;0;0;1;0;1;0
;;30;van Hooft, J.W.H.;1;0;0;0;0;0;0;0;0;0;0;0;0;1;0;0;0;0;0
;;31;Cramer, A.;8;1;0;0;1;2;0;2;0;1;0;0;0;0;0;1;0;0;0
;;32;van Scheltinga, E.;2;0;0;0;0;0;0;0;0;0;0;0;0;0;0;2;0;0;0
;;33;van Unen, G.;2;0;0;0;0;0;0;0;0;0;0;0;0;0;0;1;0;1;0
;;34;Kuin, R.M.;0;0;0;0;0;0;0;0;0;0;0;0;0;0;0;0;0;0;0
;;35;Harris, D.C.;4;1;0;0;0;0;0;3;0;0;0;0;0;0;0;0;0;0;0
;;36;van der Veen, J.;201;1;0;0;33;23;10;16;0;21;1;1;5;20;4;29;15;15;7
;;37;Zandvliet, S.K.D.S.;7;0;0;0;0;2;1;0;0;1;0;0;2;1;0;0;0;0;0
;;38;Spanner, A.M.;6;1;0;0;0;2;0;1;0;0;0;0;1;0;0;1;0;0;0
;;39;Boer, M.I.;2;0;0;0;1;0;0;0;0;0;0;0;0;0;0;1;0;0;0
;;40;Ramesar, J.S.;6;0;0;0;3;1;0;0;0;0;0;0;0;0;1;0;0;1;0
;;41;ten Heuw, M.A.;3;0;0;0;0;3;0;0;0;0;0;0;0;0;0;0;0;0;0
;;42;van der Sluis, J.H.A.;5;0;0;0;0;4;0;0;0;0;0;0;0;0;0;1;0;0;0
;;43;Schelvis, A.;211;2;0;3;3;106;5;2;0;14;0;0;2;11;3;13;10;19;18
;;44;de Man, W.J.;4;0;0;1;0;2;0;0;0;0;0;0;0;0;1;0;0;0;0
;;45;Hendriks-Berg, A.M.G.;3;0;0;0;0;1;0;0;0;1;0;0;0;0;0;1;0;0;0
;;46;de Vries, E.;2;0;0;0;0;0;0;0;0;1;0;0;0;0;0;1;0;0;0
;;47;Eikenaar, E.;2;0;0;1;0;0;0;0;0;0;0;0;1;0;0;0;0;0;0
;;48;Clemens, J.M.M.;1;0;0;0;0;0;0;0;0;0;0;0;1;0;0;0;0;0;0
;;49;Courbois, P.A.O.;3;0;0;0;0;0;0;1;0;0;0;0;0;0;0;0;0;1;1
;;50;Leijten, R.M.;346;9;2;11;31;82;14;21;0;34;4;4;7;14;9;39;18;22;25
7;Forum voor Democratie;;;11312;574;39;300;891;2055;483;505;8;1095;55;17;491;505;315;1535;924;710;810
;;1;Baudet, T.H.P.;7577;352;20;203;625;1425;334;310;7;736;35;8;324;323;206;1034;620;478;537
;;2;Jansen, F.J.H.;185;7;1;3;15;33;16;9;0;10;1;0;6;4;1;24;21;11;23
;;3;van Meijeren, G.F.C.;2536;152;14;72;192;371;94;144;0;282;16;7;117;133;84;348;199;140;171
;;4;van Houwelingen, P.;279;22;2;13;16;52;15;12;0;19;1;0;12;10;7;34;18;23;23
;;5;Dekker, R.J.;195;4;0;3;13;53;4;7;0;14;2;0;13;8;5;26;15;13;15
;;6;de Vos, L.G.;89;4;1;1;10;23;1;3;0;5;0;0;4;5;1;9;8;4;10
;;7;Russcher, T.K.;9;0;0;0;0;2;1;0;0;0;0;0;1;2;1;0;0;2;0
;;8;Etalle, M.J.S.;12;0;0;0;0;0;0;1;0;1;0;0;0;0;0;1;0;1;8
;;9;Bakir, A.;10;3;0;0;0;1;0;0;0;2;0;0;0;0;1;2;0;1;0
;;10;Dessing, J.;6;0;0;0;0;1;0;0;0;1;0;0;1;1;1;0;0;0;1
;;11;Vastenhouw, J.;5;0;0;0;0;0;1;0;0;1;0;0;1;0;0;1;0;1;0
;;12;Al Biyati, I.;4;0;1;0;0;1;0;0;0;0;0;0;2;0;0;0;0;0;0
;;13;de Knegt, R.E.R.;4;0;0;0;1;0;0;0;1;1;0;0;0;0;0;0;1;0;0
;;14;Verstegen, P.J.T.;5;0;0;0;0;3;0;0;0;1;0;0;1;0;0;0;0;0;0
;;15;van Schijndel, A.H.J.W.;0;0;0;0;0;0;0;0;0;0;0;0;0;0;0;0;0;0;0
;;16;Antolini, B.M.;2;0;0;0;1;0;0;1;0;0;0;0;0;0;0;0;0;0;0
;;17;Bos, M.;10;2;0;0;2;3;0;1;0;0;0;0;0;0;0;1;1;0;0
;;18;Koopman, P.;3;0;0;0;0;2;0;0;0;0;0;0;0;0;0;0;0;1;0
;;19;van Asch, R.W.G.T.;1;0;0;0;0;0;0;0;0;0;0;0;0;0;0;0;1;0;0
;;20;van den Boomgaard, M.R.;3;0;0;0;0;1;0;0;0;1;0;0;1;0;0;0;0;0;0
;;21;van Dijk, A.G.;35;12;0;2;1;4;1;2;0;1;0;0;0;6;1;0;0;0;5
;;22;Oudhuis, K.J.J.;64;1;0;1;2;31;0;3;0;2;0;0;2;3;0;8;2;7;2
;;23;Feenstra, N.;46;0;0;0;2;22;4;2;0;0;0;1;2;3;0;1;0;6;3
;;24;Krijgsman, A.;42;0;0;0;2;3;0;2;0;0;0;0;2;0;1;5;22;4;1
;;25;Jellema, H.J.;59;0;0;0;3;4;3;1;0;0;0;0;0;2;0;35;6;4;1
;;26;Baas, T.J.;43;13;0;0;2;5;3;4;0;7;0;0;0;2;1;0;2;1;3
;;27;de Lange, A.K.;2;0;0;0;0;0;0;0;0;0;0;0;0;0;0;0;1;1;0
;;28;Hadderingh, B.S.T.;0;0;0;0;0;0;0;0;0;0;0;0;0;0;0;0;0;0;0
;;29;Wittebrood, J.C.;1;0;0;0;0;0;0;1;0;0;0;0;0;0;0;0;0;0;0
;;30;Bilgin, T.;1;0;0;0;0;0;0;0;0;0;0;0;0;0;0;1;0;0;0
;;31;Luurssen, G.A.A.;1;0;0;0;0;0;1;0;0;0;0;0;0;0;0;0;0;0;0
;;32;Minkels, J.D.;0;0;0;0;0;0;0;0;0;0;0;0;0;0;0;0;0;0;0
;;33;Heller, T.H.G.;0;0;0;0;0;0;0;0;0;0;0;0;0;0;0;0;0;0;0
;;34;Postuma, J.V.;11;1;0;1;1;3;1;0;0;1;0;0;0;0;0;0;0;0;3
;;35;Vos, A.V.B.;5;0;0;0;1;0;1;0;0;0;0;0;0;0;0;2;0;1;0
;;36;Hartman, M.;2;0;0;0;1;0;0;0;0;0;0;0;1;0;0;0;0;0;0
;;37;Panis, T.;0;0;0;0;0;0;0;0;0;0;0;0;0;0;0;0;0;0;0
;;38;van der Voort, J.A.;2;0;0;0;0;1;0;0;0;0;0;0;0;0;0;0;0;0;1
;;39;Nijman, M.;0;0;0;0;0;0;0;0;0;0;0;0;0;0;0;0;0;0;0
;;40;Wijngaard, M.M.;1;0;0;0;0;1;0;0;0;0;0;0;0;0;0;0;0;0;0
;;41;van Rij, S.;5;0;0;0;0;2;0;0;0;0;0;0;0;1;0;0;0;2;0
;;42;van Run, E.R.;0;0;0;0;0;0;0;0;0;0;0;0;0;0;0;0;0;0;0
;;43;van de Breevaart, J.O.;6;0;0;0;0;0;0;0;0;6;0;0;0;0;0;0;0;0;0
;;44;Schaap, D.V.;2;0;0;0;0;1;0;0;0;0;0;0;0;0;0;0;0;1;0
;;45;de Graaff, M.J.R.L.;2;0;0;0;0;0;1;1;0;0;0;0;0;0;0;0;0;0;0
;;46;Zwitser, T.;21;0;0;1;0;4;2;0;0;2;0;0;0;1;5;1;3;2;0
;;47;van den Oetelaar, J.C.M.;1;0;0;0;1;0;0;0;0;0;0;0;0;0;0;0;0;0;0
;;48;Kerseboom, S.;14;1;0;0;0;2;0;1;0;2;0;1;0;1;0;2;1;1;2
;;49;Cliteur, P.B.;11;0;0;0;0;1;0;0;0;0;0;0;1;0;0;0;3;5;1
8;Partij voor de Dieren;;;7635;176;59;206;639;2183;387;313;55;500;105;20;282;351;114;894;430;485;436
;;1;Ouwehand, E.;5578;129;44;173;479;1494;287;242;44;346;76;14;221;257;84;682;321;370;315
;;2;Kostić, I.;430;1;6;3;26;160;12;17;2;24;11;4;8;21;3;57;20;28;27
;;3;Teunissen, C.;218;8;0;2;17;72;19;7;4;10;4;0;7;9;3;25;10;12;9
;;4;Wassenberg, F.P.;56;4;2;0;3;11;5;2;2;4;0;0;2;1;2;6;2;4;6
;;5;Akerboom, E.S.;186;2;1;1;22;58;7;6;1;17;4;0;7;3;1;22;12;12;10
;;6;van Raan, L.;58;2;0;3;3;12;2;2;0;5;1;0;0;0;0;10;4;6;8
;;7;van Schaik, M.;72;0;1;4;8;31;3;0;0;3;0;0;3;1;0;9;3;3;3
;;8;Krijger, A.L.;145;1;1;3;18;57;3;4;0;8;2;0;4;4;1;5;17;8;9
;;9;Plusquin, P.S.M.L.;21;2;0;2;1;8;1;1;0;1;0;0;2;1;0;0;1;0;1
;;10;Groenewege, P.J.L.;11;0;0;0;0;4;1;0;0;0;0;0;1;1;0;4;0;0;0
;;11;van Heuven, M.;11;1;0;1;0;1;0;0;0;2;0;0;3;1;0;1;0;0;1
;;12;van Hassel, F.;24;0;1;0;3;11;1;0;0;0;0;0;0;2;3;1;1;1;0
;;13;Bunnik, R.J.;21;0;0;0;4;9;0;0;0;2;1;0;1;0;3;1;0;0;0
;;14;Schmeets, H.H.J.;9;0;0;0;0;2;0;0;0;2;0;0;1;0;0;2;2;0;0
;;15;Pınar, K.;10;0;0;1;0;7;0;0;0;0;0;0;0;0;0;1;0;1;0
;;16;Jones, M.G.;4;0;0;0;0;0;0;0;0;0;0;0;1;1;1;1;0;0;0
;;17;Bosma, J.;314;13;2;4;26;102;23;18;0;22;1;2;6;21;4;27;11;18;14
;;18;Barker, R.N.;3;0;0;0;0;1;0;0;0;0;0;0;1;0;0;0;1;0;0
;;19;van Wijlandt, K.;1;0;0;0;0;0;0;0;0;1;0;0;0;0;0;0;0;0;0
;;20;Batteau, J.M.;4;0;0;1;0;1;1;0;0;0;0;0;0;0;0;1;0;0;0
;;21;Hollebeek, J.P.;3;0;0;0;1;1;0;1;0;0;0;0;0;0;0;0;0;0;0
;;22;Dicke, I.M.;14;1;0;0;1;7;0;1;0;0;0;0;1;0;0;2;0;1;0
;;23;Salemans, B.R.;6;0;0;0;1;1;2;0;0;1;0;0;0;0;0;0;0;0;1
;;24;Bersch, F.;3;0;0;0;1;1;1;0;0;0;0;0;0;0;0;0;0;0;0
;;25;de Gram, F.;6;0;0;0;1;1;0;0;0;2;0;0;2;0;0;0;0;0;0
;;26;Krediet, L.;17;1;0;0;1;4;0;0;1;2;0;0;1;0;0;4;1;2;0
;;27;de Vos, D.J.C.;13;0;0;0;2;3;0;0;0;0;3;0;0;0;0;4;0;0;1
;;28;van der Velde, M.C.;7;0;0;0;0;3;1;1;0;1;0;0;0;0;0;1;0;0;0
;;29;van Viegen, A.H.K.;4;1;0;0;0;2;0;0;0;0;0;0;0;0;0;0;1;0;0
;;30;Gerritsen, L.;8;0;0;1;0;4;0;0;0;2;0;0;0;0;0;1;0;0;0
;;31;Veenstra, M.;3;0;1;0;0;1;0;0;0;1;0;0;0;0;0;0;0;0;0
;;32;Vlasveld, A.I.;2;0;0;0;0;1;0;0;0;0;0;0;0;0;0;0;0;1;0
;;33;Janssens, T.A.O.;1;0;0;0;0;1;0;0;0;0;0;0;0;0;0;0;0;0;0
;;34;Coşkun, Z.P.;8;0;0;0;2;4;0;1;0;0;0;0;0;0;0;1;0;0;0
;;35;van der Pluijm, L.C.;2;0;0;0;0;1;0;0;0;1;0;0;0;0;0;0;0;0;0
;;36;Peeks, S.J.;28;0;0;0;2;6;8;1;0;3;1;0;3;0;1;1;1;1;0
;;37;Pallandt, C.M.J.;2;0;0;0;0;2;0;0;0;0;0;0;0;0;0;0;0;0;0
;;38;Pechler, W.I.;16;0;0;0;0;5;4;0;0;1;0;0;0;1;0;1;0;0;4
;;39;van Lierop, J.;4;0;0;0;0;1;0;0;0;1;0;0;0;1;0;0;0;0;1
;;40;Spruit, V.;10;0;0;0;0;5;2;0;0;0;0;0;0;0;0;1;1;0;1
;;41;Kuijer, B.;1;0;0;0;0;1;0;0;0;0;0;0;0;0;0;0;0;0;0
;;42;Markandu, G.;27;0;0;0;7;8;0;1;0;4;0;0;0;0;0;2;4;1;0
;;43;Oudshoorn, J.;0;0;0;0;0;0;0;0;0;0;0;0;0;0;0;0;0;0;0
;;44;Hanoeman, R.R.;7;0;0;0;0;2;0;0;0;1;0;0;0;1;0;1;0;0;2
;;45;Samshuijzen, E.;5;0;0;0;0;1;1;0;0;0;0;0;0;0;0;2;0;1;0
;;46;Brouwer, M.;227;9;0;4;8;62;3;8;1;25;1;0;5;24;7;17;16;15;22
;;47;Onderdelinden, S.E.;4;0;0;0;1;2;0;0;0;0;0;0;0;1;0;0;0;0;0
;;48;Rozema, J.G.;3;0;0;0;1;1;0;0;0;0;0;0;0;0;0;1;0;0;0
;;49;van de Peppel, S.;7;1;0;0;0;0;0;0;0;2;0;0;1;0;1;0;1;0;1
;;50;Minnaert, X.D.E.;21;0;0;3;0;11;0;0;0;6;0;0;1;0;0;0;0;0;0
9;ChristenUnie;;;11469;921;52;191;648;1599;344;804;17;1876;39;12;224;700;638;1130;537;611;1126
;;1;Bikker, M.H.;9014;752;43;165;515;1118;279;656;16;1445;30;10;179;553;556;858;422;466;951
;;2;Grinwis, P.A.;162;11;1;2;3;29;5;12;0;29;0;0;2;10;10;16;7;7;18
;;3;Ceder, D.G.M.;273;14;0;2;17;58;5;22;1;67;0;0;2;17;10;18;12;9;19
;;4;te Rietstap, A.H.;40;3;0;0;3;6;3;7;0;4;1;0;1;2;1;0;2;4;3
;;5;Gooijer-Medema, J.K.;114;5;0;2;11;18;2;7;0;28;0;0;1;7;3;13;8;2;7
;;6;Drost, N.;67;4;0;1;6;17;4;1;0;9;0;0;3;1;2;7;3;6;3
;;7;Holtman, T.S.;21;1;0;0;0;7;2;0;0;3;0;0;0;0;0;2;4;2;0
;;8;Otter-van den Bosch, C.;21;0;1;0;3;5;1;0;0;2;0;0;1;0;2;2;0;2;2
;;9;van der Graaf, S.J.F.;599;83;2;13;32;65;24;36;0;131;5;1;15;36;12;56;22;15;51
;;10;Klein, M.C.A.;12;2;0;0;0;4;0;0;0;0;0;1;0;0;1;1;0;1;2
;;11;Niesink, C.C.M.;596;16;0;2;27;203;5;27;0;33;1;0;7;44;29;62;32;73;35
;;12;Setz, J.N.;31;2;0;0;0;8;3;7;0;2;0;0;2;1;0;4;1;0;1
;;13;van der Krift, H.J.C.;5;0;0;0;0;1;0;1;0;1;0;0;0;1;0;0;0;0;1
;;14;Langen, A.L.;3;0;0;0;0;0;0;0;0;0;0;0;0;0;0;0;0;2;1
;;15;Koppejan, E.J.A.;8;1;0;0;1;0;0;0;0;2;0;0;0;1;0;0;0;0;3
;;16;van Wageningen, E.;8;0;0;0;2;1;0;1;0;2;0;0;1;0;0;1;0;0;0
;;17;Tijhof, B.D.;1;0;0;0;0;0;0;0;0;0;0;0;1;0;0;0;0;0;0
;;18;de Reus, W.T.;4;0;0;0;0;1;0;1;0;0;0;0;0;1;0;0;0;1;0
;;19;Mbwete, N.A.G.;8;0;0;0;1;5;0;0;0;1;0;0;0;0;0;0;0;1;0
;;20;Treurniet, M.;18;2;0;0;2;3;0;2;0;4;0;0;0;3;1;0;0;0;1
;;21;Palland, A.S.;4;0;0;0;0;1;0;0;0;0;0;0;0;0;0;1;0;1;1
;;22;Westerbeek, A.E.;6;0;0;0;0;0;0;0;0;3;0;0;1;1;0;0;1;0;0
;;23;Muilwijk, I.;1;0;0;0;0;0;0;0;0;1;0;0;0;0;0;0;0;0;0
;;24;Westerink-Petersen, J.;1;0;0;0;0;0;0;0;0;1;0;0;0;0;0;0;0;0;0
;;25;Dijkstra-Verbeek, I.A.W.;7;0;0;0;1;2;0;0;0;1;0;0;0;0;1;1;0;1;0
;;26;van den Berg, G.;4;1;0;0;1;0;0;0;0;0;0;0;0;0;1;1;0;0;0
;;27;Broekmaat-Hagens, A.W.;2;0;0;0;0;1;0;0;0;1;0;0;0;0;0;0;0;0;0
;;28;de Haan, M.E.;0;0;0;0;0;0;0;0;0;0;0;0;0;0;0;0;0;0;0
;;29;Koerts, A.J.;1;0;0;0;0;0;0;0;0;0;0;0;0;0;0;1;0;0;0
;;30;Roor-Wubs, A.E.;5;1;0;0;3;0;0;0;0;1;0;0;0;0;0;0;0;0;0
;;31;Verweij, J.P.;0;0;0;0;0;0;0;0;0;0;0;0;0;0;0;0;0;0;0
;;32;Paalman-Dijkenga, I.M.;9;0;0;0;1;3;1;0;0;2;0;0;0;1;0;1;0;0;0
;;33;Kumar, A.D.J.M.;1;0;0;0;0;0;0;0;0;0;0;0;0;0;0;0;0;0;1
;;34;Kerklaan-van der Beek, E.M.;4;0;0;0;0;1;0;0;0;1;0;0;0;0;0;1;0;0;1
;;35;Visser, J.A.;2;0;0;0;1;1;0;0;0;0;0;0;0;0;0;0;0;0;0
;;36;van der Pol, L.A.;108;7;0;0;5;9;0;2;0;8;0;0;0;5;1;49;9;8;5
;;37;Oudman, A.G.;13;0;0;0;2;2;2;2;0;1;0;0;0;0;0;4;0;0;0
;;38;van der Zande, J.M.;1;0;0;0;0;0;0;0;0;0;0;0;1;0;0;0;0;0;0
;;39;Grandia, G.C.;2;0;0;0;0;0;0;0;0;0;0;0;0;0;0;1;0;0;1
;;40;van Oordt-Jonckheere, S.;2;0;0;0;0;0;0;0;0;0;0;0;0;1;0;1;0;0;0
;;41;Cornelissen, B.;0;0;0;0;0;0;0;0;0;0;0;0;0;0;0;0;0;0;0
;;42;Nede, N.N.;4;0;0;0;0;0;0;0;0;3;1;0;0;0;0;0;0;0;0
;;43;Schutte, J.W.;0;0;0;0;0;0;0;0;0;0;0;0;0;0;0;0;0;0;0
;;44;van Dijk, G.G.;2;0;0;0;0;0;0;2;0;0;0;0;0;0;0;0;0;0;0
;;45;Adema, P.;123;7;1;0;3;7;3;7;0;53;0;0;4;11;3;8;8;3;5
;;46;Bosman, F.G.;1;0;0;0;0;1;0;0;0;0;0;0;0;0;0;0;0;0;0
;;47;Hoogenboom, E.;14;1;0;0;0;0;0;1;0;2;0;0;2;1;0;1;1;0;5
;;48;Stoorvogel, H.;97;3;0;1;7;13;3;4;0;33;1;0;1;3;5;12;2;4;5
;;49;van den Berg, R.C.;9;2;0;2;0;1;1;1;0;0;0;0;0;0;0;0;0;0;2
;;50;de Graaf, B.A.;41;3;4;1;1;8;1;5;0;2;0;0;0;0;0;8;3;3;2
10;Volt;;;3689;68;52;96;336;1117;109;158;16;232;77;16;119;147;47;498;251;203;147
;;1;Dassen, L.A.J.M.;2177;44;38;59;204;603;55;103;10;125;53;9;64;86;24;306;164;134;96
;;2;Koekkoek, M.;805;9;10;16;68;279;35;37;3;55;14;4;27;32;9;102;50;31;24
;;3;Boutkan, E.;20;0;0;0;3;4;0;0;0;3;0;0;1;1;0;4;1;1;2
;;4;Elfilali, I.;125;0;2;8;11;46;1;4;1;5;5;2;3;7;3;16;3;5;3
;;5;Hagoort, M.B.J.;12;0;0;0;1;4;0;0;0;0;0;0;0;0;0;2;2;1;2
;;6;Frijters, R.M.J.;74;1;0;3;5;33;1;1;0;6;1;0;4;1;0;6;11;1;0
;;7;de Boer, R.W.;17;0;0;0;3;8;0;0;0;1;1;0;1;0;0;0;0;3;0
;;8;van der Lugt, S.;63;0;0;3;5;17;4;1;0;4;2;0;1;1;2;9;3;6;5
;;9;Beijnon, B.;14;3;0;0;1;4;0;0;0;2;0;0;0;1;1;1;0;0;1
;;10;Twickler, R.;256;9;2;2;23;85;9;11;2;25;1;1;6;15;4;29;8;12;12
;;11;Ercan, C.;41;0;0;2;4;10;3;1;0;4;0;0;6;1;2;4;2;1;1
;;12;Hamel, J.E.R.;13;1;0;0;0;3;0;0;0;0;0;0;1;2;0;2;2;2;0
;;13;van Ewijk, W.H.E.;1;0;0;0;0;0;0;0;0;0;0;0;0;0;0;1;0;0;0
;;14;van Laar, S.A.;12;0;0;0;0;5;0;0;0;0;0;0;1;0;1;4;0;1;0
;;15;Tai, M.T.;2;0;0;0;0;1;0;0;0;0;0;0;0;0;0;0;1;0;0
;;16;Pajak, V.L.;6;0;0;1;0;2;0;0;0;1;0;0;1;0;0;1;0;0;0
;;17;Eigenhuis, F.;10;1;0;0;3;3;0;0;0;1;0;0;0;0;1;0;1;0;0
;;18;Verbeek, E.L.I.;11;0;0;1;1;2;0;0;0;0;0;0;1;0;0;3;0;3;0
;;19;Hemmes, B.J.A.;5;0;0;0;2;1;0;0;0;0;0;0;0;0;0;0;1;1;0
;;20;Elsinga, D.;14;0;0;0;2;3;1;0;0;0;0;0;1;0;0;4;2;1;0
;;21;Dreteler, S.J.;11;0;0;1;0;4;0;0;0;0;0;0;1;0;0;4;0;0;1
11;JA21;;;2737;101;22;74;207;543;93;89;5;176;42;7;87;157;87;420;240;191;196
;;1;Eerdmans, B.J.;1882;73;19;51;154;327;70;65;2;121;34;5;66;113;52;303;177;130;120
;;2;Nanninga, A.;303;9;1;8;17;77;11;9;2;21;7;0;8;15;10;51;22;14;21
;;3;Ceulemans, S.;5;0;0;0;0;1;0;0;0;0;0;0;0;0;1;2;0;1;0
;;4;Bakker-Derks, E.H.M.;21;1;0;0;2;6;0;2;0;0;0;0;0;1;1;4;2;1;1
;;5;van Doorn, D.M.A.;6;1;0;0;1;0;0;1;0;0;0;0;0;0;0;1;0;0;2
;;6;Goudzwaard, M.;292;10;1;8;21;100;4;2;0;16;1;2;10;14;6;34;15;25;23
;;7;Schyns, P.F.M.;2;0;0;0;0;0;0;0;0;0;0;0;0;0;0;2;0;0;0
;;8;Uiterwijk, K.;11;0;0;2;0;1;1;0;0;2;0;0;0;0;1;2;1;1;0
;;9;Dijksterhuis, R.G.;137;7;0;4;6;13;2;5;1;6;0;0;3;12;16;11;14;10;27
;;10;van den Berg, D.J.;5;0;0;1;0;0;0;0;0;2;0;0;0;0;0;1;0;1;0
;;11;Omlo, H.;9;0;0;0;1;0;1;0;0;1;0;0;0;0;0;1;4;1;0
;;12;Hesselink, S.W.J.;2;0;0;0;0;1;0;0;0;0;0;0;0;0;0;0;0;1;0
;;13;Nuijten, K.;0;0;0;0;0;0;0;0;0;0;0;0;0;0;0;0;0;0;0
;;14;Roos, S.M.;2;0;0;0;0;0;0;0;0;0;0;0;0;0;0;0;1;1;0
;;15;Soltani, M.;3;0;0;0;0;3;0;0;0;0;0;0;0;0;0;0;0;0;0
;;16;Baten, L.C.C.;1;0;0;0;0;0;0;0;0;1;0;0;0;0;0;0;0;0;0
;;17;Kövi, J.J.H.M.;1;0;0;0;0;1;0;0;0;0;0;0;0;0;0;0;0;0;0
;;18;Wilson, L.;3;0;0;0;1;0;1;0;0;0;0;0;0;0;0;1;0;0;0
;;19;van Vugt, T.;0;0;0;0;0;0;0;0;0;0;0;0;0;0;0;0;0;0;0
;;20;Wanders, A.M.J.M.;3;0;0;0;0;1;0;0;0;1;0;0;0;0;0;0;0;1;0
;;21;Lodders, I.A.G.;4;0;0;0;0;1;0;0;0;0;0;0;0;2;0;1;0;0;0
;;22;Vos, L.L.;0;0;0;0;0;0;0;0;0;0;0;0;0;0;0;0;0;0;0
;;23;Kauffmann, F.W.;0;0;0;0;0;0;0;0;0;0;0;0;0;0;0;0;0;0;0
;;24;de Rijke, W.M.;6;0;0;0;1;1;2;0;0;1;0;0;0;0;0;0;0;0;1
;;25;Hogendoorn, G.A.M.;4;0;0;0;0;0;0;0;0;0;0;0;0;0;0;2;2;0;0
;;26;Gordijn, C.;8;0;0;0;1;0;0;2;0;1;0;0;0;0;0;1;1;2;0
;;27;Bloemenkamp, J.H.;2;0;1;0;0;1;0;0;0;0;0;0;0;0;0;0;0;0;0
;;28;Waitz, J.W.A.;7;0;0;0;0;1;0;2;0;2;0;0;0;0;0;1;0;1;0
;;29;Veenvliet, A.;0;0;0;0;0;0;0;0;0;0;0;0;0;0;0;0;0;0;0
;;30;Koetje, J.M.;5;0;0;0;0;1;1;1;0;1;0;0;0;0;0;1;0;0;0
;;31;Buijs, M.;1;0;0;0;0;0;0;0;0;0;0;0;0;0;0;0;0;1;0
;;32;Buijt, R.;0;0;0;0;0;0;0;0;0;0;0;0;0;0;0;0;0;0;0
;;33;Kersten, J.J.M.;0;0;0;0;0;0;0;0;0;0;0;0;0;0;0;0;0;0;0
;;34;de Groot, G.P.J.;1;0;0;0;0;1;0;0;0;0;0;0;0;0;0;0;0;0;0
;;35;Hieralal, K.;1;0;0;0;0;0;0;0;0;0;0;0;0;0;0;0;0;0;1
;;36;Blijlevens, R.P.;0;0;0;0;0;0;0;0;0;0;0;0;0;0;0;0;0;0;0
;;37;Pastors, M.G.T.;1;0;0;0;0;1;0;0;0;0;0;0;0;0;0;0;0;0;0
;;38;Fortuijn, S.A.F.;9;0;0;0;2;5;0;0;0;0;0;0;0;0;0;1;1;0;0
12;Staatkundig Gereformeerde Partij (SGP);;;4197;370;2;44;161;290;123;309;3;623;9;2;87;290;632;302;348;169;433
;;1;Stoffer, C.;3689;315;2;36;135;252;105;273;3;566;4;2;80;253;573;263;314;140;373
;;2;van Dijk, D.J.H.;69;3;0;1;4;12;4;7;0;10;0;0;2;3;3;8;4;6;2
;;3;Flach, A.J.;24;1;0;0;1;0;1;3;0;3;0;0;1;3;2;2;4;1;2
;;4;Middelkoop, P.N.;126;18;0;5;6;6;10;11;0;11;3;0;1;3;13;10;10;5;14
;;5;Vroegindeweij, W.J.;16;1;0;0;2;2;0;0;0;3;0;0;0;0;2;3;1;0;2
;;6;van der Maas, A.J.;3;1;0;0;0;0;0;1;0;0;0;0;0;0;0;0;0;0;1
;;7;van der Wind, H.J.;19;5;0;2;1;0;1;1;0;3;0;0;1;0;1;1;1;0;2
;;8;Both, D.D.;4;1;0;0;0;0;0;0;0;0;0;0;0;0;0;0;0;0;3
;;9;Kloosterman, J.;5;0;0;0;2;0;0;0;0;1;0;0;0;0;0;0;1;0;1
;;10;van Heijst, R.C.;2;0;0;0;0;0;0;0;0;0;0;0;0;0;0;0;2;0;0
;;11;van der Wulp, A.D.;3;0;0;0;0;0;0;0;0;0;0;0;0;2;0;0;0;1;0
;;12;Polinder, H.J.;7;0;0;0;4;2;0;0;0;0;0;0;0;0;0;0;1;0;0
;;13;Slingerland, M.;6;0;0;0;1;1;0;1;0;0;0;0;0;0;0;1;0;0;2
;;14;van Duijn, W.J.;6;0;0;0;0;0;1;0;0;0;0;0;0;0;1;1;0;3;0
;;15;Barth, L.G.I.;2;0;0;0;0;0;0;0;0;2;0;0;0;0;0;0;0;0;0
;;16;Lukasse, J.;1;0;0;0;0;0;0;0;0;0;0;0;0;0;0;1;0;0;0
;;17;Tanis, J.P.;3;0;0;0;0;0;0;1;0;0;0;0;0;1;0;1;0;0;0
;;18;Bosma, E.G.;10;6;0;0;0;1;0;0;0;1;0;0;0;1;0;1;0;0;0
;;19;Schipaanboord, G.P.;4;0;0;0;0;0;0;0;0;1;0;0;0;1;1;1;0;0;0
;;20;Veldman, J.D.;0;0;0;0;0;0;0;0;0;0;0;0;0;0;0;0;0;0;0
;;21;Hartog, J.;7;0;0;0;0;1;0;0;0;3;0;0;0;0;0;0;0;0;3
;;22;Koekoek, J.T.;7;0;0;0;0;1;1;2;0;0;2;0;1;0;0;0;0;0;0
;;23;de Knegt, L.;3;0;0;0;1;0;0;0;0;0;0;0;0;0;0;1;0;0;1
;;24;van Leeuwen, G.R.;2;0;0;0;0;0;0;0;0;1;0;0;0;0;0;0;0;0;1
;;25;Bakker, T.;146;14;0;0;3;8;0;7;0;14;0;0;0;23;31;7;5;11;23
;;26;Kok, W.H.;6;0;0;0;0;0;0;0;0;1;0;0;0;0;1;0;1;2;1
;;27;van Westreenen, S.;0;0;0;0;0;0;0;0;0;0;0;0;0;0;0;0;0;0;0
;;28;Noordergraaf, P.T.;0;0;0;0;0;0;0;0;0;0;0;0;0;0;0;0;0;0;0
;;29;Boersma, A.;1;0;0;0;0;0;0;0;0;0;0;0;0;0;1;0;0;0;0
;;30;Talen, L.;5;0;0;0;0;1;0;2;0;0;0;0;0;0;1;0;1;0;0
;;31;van de Waerdt, C.J.;2;0;0;0;0;2;0;0;0;0;0;0;0;0;0;0;0;0;0
;;32;Bulten, H.G.;0;0;0;0;0;0;0;0;0;0;0;0;0;0;0;0;0;0;0
;;33;Versteeg, A.;1;0;0;0;0;0;0;0;0;0;0;0;0;0;0;1;0;0;0
;;34;Kisteman, L.;2;0;0;0;0;0;0;0;0;1;0;0;0;0;1;0;0;0;0
;;35;van Bruchem, L.;1;0;0;0;0;0;0;0;0;0;0;0;0;0;0;0;0;0;1
;;36;van den Dikkenberg, L.C.;0;0;0;0;0;0;0;0;0;0;0;0;0;0;0;0;0;0;0
;;37;Herweijer, H.;1;0;0;0;1;0;0;0;0;0;0;0;0;0;0;0;0;0;0
;;38;van Laar, G.J.;1;0;0;0;0;0;0;0;0;0;0;0;0;0;0;0;1;0;0
;;39;Scheppink, A.J.;4;2;0;0;0;0;0;0;0;1;0;0;0;0;0;0;0;0;1
;;40;van Heteren, R.;0;0;0;0;0;0;0;0;0;0;0;0;0;0;0;0;0;0;0
;;41;van den Belt, B.;1;0;0;0;0;1;0;0;0;0;0;0;0;0;0;0;0;0;0
;;42;van Iwaarden, D.;0;0;0;0;0;0;0;0;0;0;0;0;0;0;0;0;0;0;0
;;43;van Tuijl, L.O.;2;2;0;0;0;0;0;0;0;0;0;0;0;0;0;0;0;0;0
;;44;Proos, A.J.;6;1;0;0;0;0;0;0;0;1;0;0;1;0;1;0;2;0;0
13;DENK;;;1674;14;2;36;306;613;24;17;2;153;4;2;100;36;16;154;86;64;45
;;1;van Baarle, S.R.T.;1197;12;2;27;214;436;18;13;0;113;1;2;72;25;10;115;58;48;31
;;2;Ergin, D.A.;77;1;0;0;21;30;1;0;0;0;0;0;0;0;0;7;11;3;3
;;3;El Abassi, I.;104;1;0;2;11;52;0;0;0;10;0;0;12;1;2;7;4;1;1
;;4;Alrubey, A.;92;0;0;1;8;32;2;1;1;16;1;0;9;5;3;6;2;2;3
;;5;Gün, E.;22;0;0;1;5;7;0;0;1;2;0;0;1;1;0;2;1;0;1
;;6;Usta, Y.;9;0;0;0;4;4;1;0;0;0;0;0;0;0;0;0;0;0;0
;;7;Rijssel, N.E.;25;0;0;3;4;6;0;1;0;3;2;0;0;0;0;1;0;3;2
;;8;Maroof, A.;14;0;0;0;4;5;0;0;0;0;0;0;2;1;0;2;0;0;0
;;9;Mac Intosch, G.J.;2;0;0;0;0;1;0;0;0;1;0;0;0;0;0;0;0;0;0
;;10;Safranti, M.;19;0;0;0;14;2;0;0;0;0;0;0;1;0;0;0;0;2;0
;;11;Bayrakci, Y.C.;3;0;0;0;1;2;0;0;0;0;0;0;0;0;0;0;0;0;0
;;12;Ghazi, M.I.;9;0;0;0;2;1;0;0;0;2;0;0;1;1;0;2;0;0;0
;;13;Özçelik, S.;11;0;0;0;0;3;0;0;0;1;0;0;0;0;1;2;3;0;1
;;14;Kaya, A.;14;0;0;0;3;1;0;1;0;0;0;0;0;0;0;4;2;1;2
;;15;Konuksever-Tekin, A.;3;0;0;0;1;2;0;0;0;0;0;0;0;0;0;0;0;0;0
;;16;Fkihi, O.;5;0;0;1;0;1;0;0;0;0;0;0;0;0;0;1;2;0;0
;;17;Çetinkaya, T.;3;0;0;1;1;0;0;0;0;0;0;0;0;0;0;0;1;0;0
;;18;Şahin, E.;5;0;0;0;1;3;0;0;0;1;0;0;0;0;0;0;0;0;0
;;19;Kahramanoğlu, C.;1;0;0;0;1;0;0;0;0;0;0;0;0;0;0;0;0;0;0
;;20;Kaplan, Ç.;2;0;0;0;1;1;0;0;0;0;0;0;0;0;0;0;0;0;0
;;21;Manhoef, E.E.;2;0;0;0;2;0;0;0;0;0;0;0;0;0;0;0;0;0;0
;;22;Tan, C.;0;0;0;0;0;0;0;0;0;0;0;0;0;0;0;0;0;0;0
;;23;Kondu, F.;1;0;0;0;0;0;0;0;0;1;0;0;0;0;0;0;0;0;0
;;24;Şimşek, J.I.;2;0;0;0;0;1;0;0;0;0;0;0;0;0;0;1;0;0;0
;;25;Ileri, F.;2;0;0;0;0;0;0;0;0;0;0;0;0;0;0;0;0;2;0
;;26;Buyatui, H.;5;0;0;0;0;4;0;0;0;0;0;0;0;0;0;1;0;0;0
;;27;van Burik, M.;4;0;0;0;0;3;0;0;0;1;0;0;0;0;0;0;0;0;0
;;28;Muradin, N.;1;0;0;0;0;0;0;0;0;0;0;0;0;0;0;1;0;0;0
;;29;Delener, I.;0;0;0;0;0;0;0;0;0;0;0;0;0;0;0;0;0;0;0
;;30;Sodirijo, S.D.;5;0;0;0;0;3;0;0;0;0;0;0;0;0;0;1;0;0;1
;;31;Ağirbaş, A.;0;0;0;0;0;0;0;0;0;0;0;0;0;0;0;0;0;0;0
;;32;Özcan, R.;2;0;0;0;1;0;0;0;0;0;0;0;1;0;0;0;0;0;0
;;33;Tangali, M.J.;1;0;0;0;0;0;0;1;0;0;0;0;0;0;0;0;0;0;0
;;34;Othman, R.;3;0;0;0;0;2;0;0;0;0;0;0;0;0;0;1;0;0;0
;;35;Yildirim, A.;1;0;0;0;1;0;0;0;0;0;0;0;0;0;0;0;0;0;0
;;36;Akhatab, N.;0;0;0;0;0;0;0;0;0;0;0;0;0;0;0;0;0;0;0
;;37;Ben Touhami, M.;3;0;0;0;0;3;0;0;0;0;0;0;0;0;0;0;0;0;0
;;38;Bal, M.I.;8;0;0;0;6;1;0;0;0;0;0;0;0;1;0;0;0;0;0
;;39;Pancar, Ş.;0;0;0;0;0;0;0;0;0;0;0;0;0;0;0;0;0;0;0
;;40;Akça, S.;2;0;0;0;0;0;0;0;0;0;0;0;0;0;0;0;2;0;0
;;41;Dokgöz, Ş.;4;0;0;0;0;1;0;0;0;2;0;0;0;1;0;0;0;0;0
;;42;Icar, N.;4;0;0;0;0;2;0;0;0;0;0;0;0;0;0;0;0;2;0
;;43;Khan, S.Y.;2;0;0;0;0;2;0;0;0;0;0;0;0;0;0;0;0;0;0
;;44;Sungur, M.;0;0;0;0;0;0;0;0;0;0;0;0;0;0;0;0;0;0;0
;;45;Koyuncu, S.;0;0;0;0;0;0;0;0;0;0;0;0;0;0;0;0;0;0;0
;;46;Achbar, F.;5;0;0;0;0;2;2;0;0;0;0;0;1;0;0;0;0;0;0
14;50PLUS;;;1756;50;13;72;141;349;65;75;1;152;21;7;76;94;39;227;128;154;92
;;1;van Hooft, G.O.P.C.;1122;27;9;46;86;218;34;56;0;82;14;3;56;55;30;152;79;106;69
;;2;van Rooij, M.G.J.H.;68;1;0;3;8;16;3;1;0;5;0;0;2;3;1;10;4;8;3
;;3;Brouwers, J.F.X.M.;32;2;0;3;2;5;0;0;1;0;1;1;0;1;1;2;3;7;3
;;4;Hoek, W.M.M.;272;11;1;12;23;67;6;8;0;26;4;1;11;20;4;33;24;15;6
;;5;van Acquoij, R.H.;7;0;1;0;1;1;0;1;0;1;0;0;0;0;0;1;1;0;0
;;6;Hernández Martínez, A.;74;2;0;2;9;14;3;2;0;7;1;0;2;4;0;10;6;10;2
;;7;Fonhof, G.J.;64;1;0;0;5;8;13;6;0;8;0;1;3;5;1;5;5;1;2
;;8;van Tilborg, H.C.A.M.;6;0;0;0;0;0;0;0;0;4;0;0;0;0;0;1;1;0;0
;;9;van Orsouw, J.H.T.;6;0;0;1;1;1;1;1;0;1;0;0;0;0;0;0;0;0;0
;;10;Faassen, A.G.;3;0;0;0;1;1;0;0;0;0;0;0;0;0;0;0;0;0;1
;;11;Hessing, J.C.;5;0;0;1;1;1;1;0;0;0;0;0;0;0;0;0;1;0;0
;;12;Jablonski, J.;3;0;0;1;0;0;1;0;0;0;0;0;0;0;0;0;0;1;0
;;13;Bongers, J.W.M.;8;0;0;1;1;2;0;0;0;1;0;0;0;2;1;0;0;0;0
;;14;Franse, A.H.;1;0;0;0;0;0;0;0;0;0;0;0;0;0;0;0;0;1;0
;;15;van Loon, J.C.A.;9;0;0;0;2;2;0;0;0;1;0;0;1;2;0;1;0;0;0
;;16;de Kruif, F.N.J.;2;0;0;0;0;0;0;0;0;0;0;1;0;0;0;1;0;0;0
;;17;van Es, J.W.;7;0;0;0;1;1;0;0;0;0;0;0;0;1;0;2;0;2;0
;;18;Biever, R.M.;1;0;0;0;0;0;0;0;0;0;1;0;0;0;0;0;0;0;0
;;19;Hamersma, K.;21;1;1;1;0;3;2;0;0;4;0;0;0;1;0;4;1;1;2
;;20;Hornis, M.P.;21;2;0;0;0;6;0;0;0;6;0;0;0;0;0;3;2;1;1
;;21;van Aert, J.L.;2;0;0;0;0;1;0;0;0;1;0;0;0;0;0;0;0;0;0
;;22;Vriens, M.F.L.;4;0;0;0;0;0;0;0;0;1;0;0;0;0;1;0;0;0;2
;;23;Voets, J.J.M.;3;0;1;1;0;0;0;0;0;1;0;0;0;0;0;0;0;0;0
;;24;Hendriks, J.;15;3;0;0;0;2;1;0;0;3;0;0;1;0;0;2;1;1;1
15;BBB;;;35010;1337;457;515;2446;3290;2200;2135;61;1842;289;65;2407;1763;994;5563;3845;2840;2961
;;1;van der Plas, C.A.M.;27543;1093;399;422;1904;2532;1721;1641;48;1452;241;52;1857;1372;795;4258;3109;2197;2450
;;2;Keijzer, M.C.G.;3164;107;29;57;208;307;199;193;7;179;31;9;190;177;99;563;315;259;235
;;3;Tuinman, G.P.;268;11;8;7;18;37;19;13;0;10;2;0;19;11;6;43;29;18;17
;;4;Vermeer, H.;105;1;1;1;7;6;8;12;0;5;2;1;12;4;2;11;17;5;10
;;5;Helder, L.M.J.S.;99;4;1;3;4;17;5;6;0;3;0;0;5;2;0;17;8;10;14
;;6;Pierik, C.R.;121;5;0;1;13;11;4;3;0;3;1;0;17;4;4;18;15;14;8
;;7;van Zanten, C.R.;74;2;0;1;6;10;3;5;0;4;1;0;4;3;1;10;7;10;7
;;8;Rummenie, J.F.;9;0;0;0;0;0;0;1;0;0;1;0;0;3;0;1;2;1;0
;;9;Pouw-Verweij, N.J.F.;139;7;1;1;12;19;9;6;0;14;1;0;6;4;6;12;9;16;16
;;10;Rikkers-Oosterkamp, M.G.F.;1582;46;3;7;161;155;137;107;3;61;6;1;237;86;35;170;185;101;81
;;11;Wijen-Nass, M.J.M.H.;37;3;0;0;2;4;2;2;0;2;0;0;2;3;1;5;3;4;4
;;12;Oostenbrink, M.;17;0;0;0;1;2;1;1;0;2;0;0;3;1;0;3;1;2;0
;;13;Rekers, J.D.;16;1;0;0;1;1;0;1;0;1;0;0;3;1;0;1;1;1;4
;;14;Hendriks, A.J.;22;1;0;0;3;4;4;4;0;0;0;1;1;0;0;0;1;1;2
;;15;Govaert, C.A.H.M.;13;2;0;0;0;2;0;0;0;1;0;0;1;0;1;4;1;1;0
;;16;van Vliet, L.R.;14;1;0;0;1;3;3;0;0;0;0;0;2;1;0;1;1;1;0
;;17;Hemmen, H.M.;35;2;0;0;4;5;9;1;1;0;0;0;5;0;0;1;3;1;3
;;18;van Vuuren, C.H.;15;1;0;0;2;0;1;0;0;0;0;0;1;0;2;4;1;0;3
;;19;van der Meer, S.;58;2;0;0;7;9;3;4;0;6;0;0;5;4;1;8;3;4;2
;;20;Stoop, C.J.;17;1;1;2;2;1;2;0;0;1;0;0;2;0;0;2;1;0;2
;;21;van Veen, A.;25;2;0;1;1;2;1;1;0;1;1;0;1;1;1;2;4;1;5
;;22;van Lissum, J.T.M.;3;0;0;0;1;2;0;0;0;0;0;0;0;0;0;0;0;0;0
;;23;Stegink, T.W.;24;1;2;0;1;0;10;2;0;1;0;0;3;1;1;2;0;0;0
;;24;Huiskamp, F.M.;5;0;0;0;0;2;0;0;0;1;0;0;0;0;0;0;0;2;0
;;25;Eppink, D.J.;36;1;0;0;1;0;4;3;0;2;0;0;2;3;0;12;1;4;3
;;26;Hankers, H.F.;5;0;0;0;1;1;0;0;0;1;0;0;0;0;0;1;1;0;0
;;27;Berghout, N.C.G.;5;0;0;0;2;1;0;0;0;1;0;0;0;0;0;1;0;0;0
;;28;Roubos, G.L.;2;0;0;0;0;0;0;0;0;0;0;0;0;0;0;0;1;1;0
;;29;Evers, G.J.A.;9;0;0;0;0;1;1;0;0;0;0;0;2;0;0;2;1;1;1
;;30;Sijbolts, M.A.;8;1;2;0;0;1;1;1;0;0;0;0;0;0;0;0;1;0;1
;;31;Poppe, W.P.;5;1;0;0;0;0;0;1;0;0;0;0;2;0;0;0;1;0;0
;;32;Swaag, J.H.;10;1;0;0;1;2;0;2;0;0;0;0;0;0;0;1;2;0;1
;;33;Waalkens, D.E.;31;0;3;0;1;2;10;5;0;4;0;0;0;0;0;1;0;0;5
;;34;de Ridder, R.J.G.;4;1;0;0;0;0;0;0;0;1;0;0;0;1;0;0;0;1;0
;;35;Jaspers, W.C.P.H.;4;0;0;0;1;0;0;0;0;0;0;0;0;2;0;0;1;0;0
;;36;Floors, G.W.C.;3;0;0;0;0;2;0;0;0;0;0;0;0;0;0;0;0;1;0
;;37;Luitwieler-Bosma, J.M.;17;0;0;0;2;3;1;1;0;0;0;0;5;1;0;0;1;1;2
;;38;Rood, I.;14;0;0;0;2;3;1;1;0;0;0;0;1;1;0;0;3;1;1
;;39;van Noort, M.;0;0;0;0;0;0;0;0;0;0;0;0;0;0;0;0;0;0;0
;;40;Cromwijk, J.;16;0;0;0;3;1;3;0;0;0;0;0;0;1;1;1;0;0;6
;;41;van Wijk, J.W.;1;0;0;0;0;0;0;0;0;0;0;0;1;0;0;0;0;0;0
;;42;Bos-Zandstra, K.J.;393;24;2;1;26;28;28;90;0;66;1;1;7;32;9;25;17;11;25
;;43;Egelmeers, P.C.J.M.;4;0;0;0;0;0;0;0;0;0;0;0;0;0;0;1;0;3;0
;;44;Baltus, A.W.M.;3;1;0;0;0;0;0;0;0;0;0;0;0;0;1;1;0;0;0
;;45;van der Wereld-Verkerk, P.C.;4;0;0;0;0;1;0;0;0;0;0;0;1;0;0;0;1;0;1
;;46;Schoone, L.;20;1;1;1;1;6;1;1;1;1;0;0;0;0;0;4;1;0;1
;;47;Spätgens, J.M.;3;0;0;0;1;0;0;0;0;0;0;0;0;1;1;0;0;0;0
;;48;Zeedzen, D.;1;0;0;0;0;1;0;0;0;0;0;0;0;0;0;0;0;0;0
;;49;Bouma, S.B.;511;3;1;6;31;33;4;10;0;8;1;0;9;9;1;305;62;25;3
;;50;Talsma, A.;496;10;3;4;14;73;5;17;1;11;0;0;1;34;26;72;35;142;48
16;BIJ1;;;685;10;1;20;46;311;21;15;0;77;4;0;13;25;9;61;22;28;22
;;1;Olf, E.M.;220;3;0;10;16;98;8;8;0;20;1;0;4;9;3;17;7;6;10
;;2;Mc Cray, L.;140;1;1;0;4;62;6;3;0;27;0;0;1;2;4;14;4;9;2
;;3;Salmi, L.;60;3;0;1;7;27;1;1;0;3;0;0;1;3;0;6;3;4;0
;;4;Courtar, G.O.;29;1;0;1;4;13;1;0;0;2;0;0;0;1;0;4;0;2;0
;;5;de Miranda, E.N.;26;0;0;1;1;12;0;0;0;6;0;0;2;1;0;2;0;0;1
;;6;Berend, C.E.W.R.;64;0;0;3;6;29;3;0;0;6;0;0;1;2;0;5;5;2;2
;;7;Luhrs, Y.;22;1;0;0;2;10;0;0;0;4;0;0;1;0;0;0;0;2;2
;;8;Gal, Y.;5;0;0;0;1;4;0;0;0;0;0;0;0;0;0;0;0;0;0
;;9;ten Caat, J.;6;0;0;0;0;0;0;0;0;0;0;0;1;1;0;1;0;1;2
;;10;Zandee, J.I.N.;18;0;0;0;0;7;0;1;0;4;0;0;1;3;0;2;0;0;0
;;11;Bakker, D.L.;2;0;0;0;0;2;0;0;0;0;0;0;0;0;0;0;0;0;0
;;12;Wienen, R.D.;21;1;0;1;0;9;2;0;0;1;0;0;0;1;0;3;1;1;1
;;13;Bijleveld, D.;32;0;0;2;2;17;0;0;0;2;1;0;0;2;2;3;0;0;1
;;14;Vrede, R.I.;14;0;0;1;0;10;0;0;0;1;1;0;0;0;0;1;0;0;0
;;15;Timmer, R.S.Y.;26;0;0;0;3;11;0;2;0;1;1;0;1;0;0;3;2;1;1
17;Piratenpartij - De Groenen;;;377;7;5;11;29;104;6;15;3;28;7;2;12;20;15;41;23;28;21
;;1;van Treuren, M.A.;188;4;1;6;16;44;2;6;3;10;3;2;8;6;8;23;13;19;14
;;2;Sadloe, S.;51;1;1;2;4;16;0;2;0;2;2;0;2;4;1;4;2;3;5
;;3;van Zwoll, R.M.E.;13;0;0;0;0;4;1;1;0;1;1;0;1;0;0;2;1;1;0
;;4;Pontier, M.A.;10;0;0;0;2;3;2;1;0;2;0;0;0;0;0;0;0;0;0
;;5;Brandsma, W.A.;64;1;3;0;1;24;1;2;0;7;0;0;0;7;5;6;3;3;1
;;6;ter Haar, O.H.;2;0;0;0;0;0;0;0;0;1;0;0;0;0;1;0;0;0;0
;;7;Zimmerman, H.K.;5;0;0;0;0;2;0;1;0;1;1;0;0;0;0;0;0;0;0
;;8;van Rijn, M.P.;6;0;0;0;0;3;0;0;0;0;0;0;0;1;0;1;1;0;0
;;9;Berendsen, P.;1;0;0;0;0;0;0;0;0;0;0;0;0;1;0;0;0;0;0
;;10;Yadegari, S.;1;0;0;0;0;0;0;0;0;0;0;0;0;0;0;0;0;0;1
;;11;Pot, A.A.M.;11;0;0;1;0;2;0;2;0;0;0;0;0;1;0;2;1;2;0
;;12;Werner, D.R.;1;0;0;0;0;1;0;0;0;0;0;0;0;0;0;0;0;0;0
;;13;van Deijk, D.D.;0;0;0;0;0;0;0;0;0;0;0;0;0;0;0;0;0;0;0
;;14;Russchenberg, S.;0;0;0;0;0;0;0;0;0;0;0;0;0;0;0;0;0;0;0
;;15;Hallegraeff, D.S.;1;0;0;0;0;1;0;0;0;0;0;0;0;0;0;0;0;0;0
;;16;Bresser, A.C.;0;0;0;0;0;0;0;0;0;0;0;0;0;0;0;0;0;0;0
;;17;Abendroth, A.M.;1;0;0;0;1;0;0;0;0;0;0;0;0;0;0;0;0;0;0
;;18;Darvish-Zadeh, P.;1;0;0;0;0;0;0;0;0;0;0;0;0;0;0;0;1;0;0
;;19;Schrama, D.D.;1;0;0;0;0;0;0;0;0;0;0;0;0;0;0;1;0;0;0
;;20;Werner-Wafelman, L.S.;1;0;0;0;1;0;0;0;0;0;0;0;0;0;0;0;0;0;0
;;21;Plesa, B.;0;0;0;0;0;0;0;0;0;0;0;0;0;0;0;0;0;0;0
;;22;Bouma, E.;3;0;0;0;0;0;0;0;0;2;0;0;0;0;0;1;0;0;0
;;23;Bethlehem, C.;5;0;0;1;1;2;0;0;0;0;0;0;0;0;0;0;1;0;0
;;24;Dekkers, S.A.P.;1;0;0;0;0;0;0;0;0;1;0;0;0;0;0;0;0;0;0
;;25;van Nes, T.;1;0;0;0;1;0;0;0;0;0;0;0;0;0;0;0;0;0;0
;;26;Linnenbank, A.C.;2;0;0;0;1;0;0;0;0;1;0;0;0;0;0;0;0;0;0
;;27;Braun, P.W.;0;0;0;0;0;0;0;0;0;0;0;0;0;0;0;0;0;0;0
;;28;Doting, R.;0;0;0;0;0;0;0;0;0;0;0;0;0;0;0;0;0;0;0
;;29;Teders, N.B.;0;0;0;0;0;0;0;0;0;0;0;0;0;0;0;0;0;0;0
;;30;Bakkers, T.F.M.;0;0;0;0;0;0;0;0;0;0;0;0;0;0;0;0;0;0;0
;;31;van Gelderen, J.J.;0;0;0;0;0;0;0;0;0;0;0;0;0;0;0;0;0;0;0
;;32;baron van Till, J.W.J.;1;0;0;1;0;0;0;0;0;0;0;0;0;0;0;0;0;0;0
;;33;van Breemen, W.;1;0;0;0;0;0;0;0;0;0;0;0;1;0;0;0;0;0;0
;;34;Blaak, M.G.M.H.;5;1;0;0;1;2;0;0;0;0;0;0;0;0;0;1;0;0;0
18;BVNL / Groep Van Haga;;;3450;121;14;70;245;494;151;217;2;263;27;3;134;228;130;498;326;241;286
;;1;van Haga, W.R.;2072;82;6;55;131;284;90;116;1;176;18;0;80;116;75;315;209;162;156
;;2;Krol, H.C.M.;67;1;1;2;1;15;8;3;0;7;1;0;4;2;1;9;4;4;4
;;3;van Keimpema, J.S.;504;13;6;4;43;60;28;55;0;23;4;0;31;28;10;75;57;34;33
;;4;Dercksen, R.G.J.;5;0;0;1;0;0;1;1;0;0;0;0;0;0;0;0;1;0;1
;;5;Koopmans - van der Veen, W.J.;327;8;0;2;16;54;10;16;0;19;3;3;3;53;19;45;26;27;23
;;6;van Aalst, R.R.;2;0;0;0;0;0;0;0;0;0;0;0;0;0;0;1;0;1;0
;;7;Emons, I.M.A.;9;0;0;0;0;3;1;0;0;0;0;0;0;0;2;0;2;1;0
;;8;Shahbazi Fishtali, S.;14;0;0;0;1;3;0;4;0;0;0;0;0;2;0;0;2;0;2
;;9;de Kok, A.;2;0;0;0;0;1;0;0;0;0;0;0;0;0;0;0;0;1;0
;;10;van Tellingen, H.P.;5;0;0;1;0;1;0;0;0;0;0;0;0;1;0;1;0;0;1
;;11;van der Velden, P.;1;0;0;0;0;1;0;0;0;0;0;0;0;0;0;0;0;0;0
;;12;Ramautarsing, Y.J.S.;1;0;0;0;0;0;0;0;0;0;0;0;0;0;0;0;0;1;0
;;13;Bosscher, C.J.;9;0;0;0;2;2;0;0;0;0;0;0;0;1;0;2;1;0;1
;;14;Wijnschenk, H.H.R.;0;0;0;0;0;0;0;0;0;0;0;0;0;0;0;0;0;0;0
;;15;Hulleman, S.P.X.;91;3;0;3;11;12;1;6;0;9;0;0;6;2;1;16;10;5;6
;;16;Schuiling, A.;5;1;0;0;1;0;1;1;0;0;0;0;0;0;0;1;0;0;0
;;17;van der Veen, T.A.;54;4;0;0;0;13;2;3;0;5;0;0;1;3;6;2;0;0;15
;;18;Schilder, P.C.J.;2;0;0;0;0;0;0;0;0;1;0;0;0;0;0;0;1;0;0
;;19;Vogelzang, S.J.;31;1;0;0;0;1;1;1;1;0;1;0;0;4;3;5;3;0;10
;;20;Pestman, R.J.E.;4;0;0;0;0;0;0;1;0;1;0;0;0;0;0;2;0;0;0
;;21;Vulders, S.;5;0;0;0;2;3;0;0;0;0;0;0;0;0;0;0;0;0;0
;;22;van der Wiele, D.;2;0;0;0;0;2;0;0;0;0;0;0;0;0;0;0;0;0;0
;;23;Brunke, R.L.;0;0;0;0;0;0;0;0;0;0;0;0;0;0;0;0;0;0;0
;;24;Gorter-de Vos, M.;47;1;0;0;19;1;1;5;0;2;0;0;5;0;0;7;4;2;0
;;25;van Dalen, E.H.;4;0;0;0;2;1;0;0;0;0;0;0;0;0;0;0;1;0;0
;;26;Wiersma, K.J.;14;1;0;1;0;6;0;0;0;0;0;0;0;5;0;0;0;0;1
;;27;van Kassel, P.;1;0;0;0;0;0;0;0;0;0;0;0;0;0;0;0;0;0;1
;;28;Wymenga-Kooistra, G.;29;1;0;0;1;0;6;3;0;13;0;0;0;1;0;2;2;0;0
;;29;Jonk, S.J.M.;0;0;0;0;0;0;0;0;0;0;0;0;0;0;0;0;0;0;0
;;30;Zuidema, C.;18;1;0;0;1;4;0;0;0;1;0;0;0;4;0;2;1;1;3
;;31;van der Meeren, C.J.R.F.;0;0;0;0;0;0;0;0;0;0;0;0;0;0;0;0;0;0;0
;;32;Mensing, C.M.;0;0;0;0;0;0;0;0;0;0;0;0;0;0;0;0;0;0;0
;;33;Durlacher, F.;1;0;0;0;0;1;0;0;0;0;0;0;0;0;0;0;0;0;0
;;34;Dienjes, C.S.;0;0;0;0;0;0;0;0;0;0;0;0;0;0;0;0;0;0;0
;;35;de Bekker, M.A.;2;0;0;0;0;0;0;0;0;0;0;0;0;0;0;1;0;0;1
;;36;Laarhoven, E.L.O.;1;0;0;0;0;1;0;0;0;0;0;0;0;0;0;0;0;0;0
;;37;Eradus, R.F.E.;0;0;0;0;0;0;0;0;0;0;0;0;0;0;0;0;0;0;0
;;38;Westhoff, R.J.H.;1;0;0;0;0;0;0;0;0;0;0;0;0;0;0;1;0;0;0
;;39;Beverloo, M.;0;0;0;0;0;0;0;0;0;0;0;0;0;0;0;0;0;0;0
;;40;van Buuren, M.J.;1;0;0;0;0;0;0;0;0;0;0;0;0;0;0;1;0;0;0
;;41;Overeem, A.C.;32;2;1;0;4;10;0;0;0;2;0;0;3;0;4;3;2;1;0
;;42;Thiessens, F.B.M.;1;0;0;0;0;1;0;0;0;0;0;0;0;0;0;0;0;0;0
;;43;Brouwer, A.;1;0;0;0;1;0;0;0;0;0;0;0;0;0;0;0;0;0;0
;;44;Manders, T.T.A.J.;7;1;0;0;0;2;0;0;0;0;0;0;0;0;0;2;0;0;2
;;45;Filippini, L.T.C.;1;0;0;0;0;1;0;0;0;0;0;0;0;0;0;0;0;0;0
;;46;Verweij, D.W.;2;0;0;0;1;0;0;0;0;1;0;0;0;0;0;0;0;0;0
;;47;Elens, R.B.;15;0;0;0;4;5;1;0;0;2;0;0;0;1;1;0;0;0;1
;;48;Rolloos, M.A.;0;0;0;0;0;0;0;0;0;0;0;0;0;0;0;0;0;0;0
;;49;Talsma, J.;57;1;0;1;3;5;0;2;0;1;0;0;1;4;8;5;0;1;25
;;50;Smolders, H.A.J.;3;0;0;0;1;1;0;0;0;0;0;0;0;1;0;0;0;0;0
19;Nieuw Sociaal Contract;;;68451;3004;545;1505;4815;10715;2584;3060;125;5888;541;122;2448;4047;2383;9717;5637;5221;6094
;;1;Omtzigt, P.H.;57163;2543;460;1331;4140;9023;2297;2603;106;5071;484;105;2233;3092;1765;8349;4886;4455;4220
;;2;van Vroonhoven-Kok, J.N.;1837;55;29;60;155;387;68;94;7;173;14;4;87;82;27;263;141;128;63
;;3;Uitermark, J.J.M.;458;11;2;10;37;88;10;27;1;40;8;5;8;35;14;64;27;38;33
;;4;Veldkamp, C.C.J.;95;4;0;5;4;16;8;2;0;2;2;0;4;5;11;10;9;6;7
;;5;Palmen-Schlangen, S.T.P.H.;270;6;2;7;23;53;7;14;2;19;2;2;6;14;5;38;29;26;15
;;6;van Hijum, Y.J.;135;2;2;4;3;30;1;6;0;8;0;0;4;3;1;32;23;5;11
;;7;Soepboer, A.J.;6993;335;20;73;331;793;101;241;2;425;11;1;52;752;532;752;420;482;1670
;;8;Joseph, A.S.;60;0;0;0;7;18;1;4;0;4;0;0;1;2;2;11;5;0;5
;;9;Six Dijkstra, J.P.S.;52;0;0;0;5;8;0;1;0;0;1;0;3;1;0;5;4;21;3
;;10;Welzijn, R.M.;51;0;0;2;7;14;2;4;0;3;1;0;1;1;0;2;5;4;5
;;11;Postma, W.L.;68;2;0;0;5;11;4;2;0;4;1;0;0;4;2;17;5;7;4
;;12;Zeedijk-Raeven, F.A.;33;1;5;0;2;10;0;1;0;3;0;0;2;0;1;3;2;1;2
;;13;Idsinga, F.L.;39;2;0;0;1;8;1;2;0;6;1;0;1;3;2;5;6;0;1
;;14;Jansen, D.E.M.C.;382;16;7;1;29;85;24;22;1;69;4;3;12;14;9;30;25;15;16
;;15;van Oostenbruggen, T.;12;1;0;0;0;0;1;0;0;1;0;0;1;0;0;5;1;1;1
;;16;Kahraman, I.;13;0;0;0;1;2;1;1;0;1;0;0;1;1;1;2;2;0;0
;;17;Hertzberger, R.Y.;110;0;0;2;9;32;8;5;1;8;2;0;6;5;0;16;9;4;3
;;18;Bruyning, F.H.;37;0;0;2;3;12;2;1;1;0;0;0;2;2;2;8;0;2;0
;;19;van Dijk, O.C.;9;0;0;0;0;2;0;0;0;3;0;0;0;0;0;1;2;1;0
;;20;Holman, H.;77;8;0;0;4;6;19;5;0;4;0;0;7;2;2;8;6;4;2
;;21;Boomsma, D.T.;17;0;0;1;1;5;1;1;0;1;0;0;0;2;0;2;2;1;0
;;22;Heite, A.;266;9;13;4;20;51;12;15;4;21;5;2;7;16;2;45;12;10;18
;;23;Saris, I.G.;46;2;2;1;4;15;1;1;0;3;0;0;0;1;1;12;1;1;1
;;24;Wingelaar, N.T.P.;11;0;0;0;1;3;0;0;0;0;0;0;1;0;0;3;2;1;0
;;25;Koops, W.J.;2;0;0;0;0;0;1;0;0;1;0;0;0;0;0;0;0;0;0
;;26;Achahbar, N.;22;1;0;1;2;4;0;0;0;1;1;0;0;1;0;5;2;2;2
;;27;van Waveren, A.;1;0;0;0;0;0;0;0;0;0;0;0;0;0;0;1;0;0;0
;;28;de Korte-Verhoef, M.C.;11;0;0;0;3;1;0;1;0;1;0;0;0;0;0;1;2;1;1
;;29;Boelhouwer, N.P.;21;0;0;0;2;5;0;1;0;1;1;0;0;1;0;7;0;1;2
;;30;Schouten, M.A.C.;5;0;0;0;0;2;0;0;0;0;1;0;0;0;1;1;0;0;0
;;31;Kouwenhoven, A.J.;2;0;0;0;0;0;0;1;0;0;0;0;0;0;0;1;0;0;0
;;32;Verouden, V.C.H.M.;0;0;0;0;0;0;0;0;0;0;0;0;0;0;0;0;0;0;0
;;33;Heine, J.A.H.;44;0;1;0;4;9;9;3;0;7;0;0;4;2;1;2;1;1;0
;;34;Pouwelse, S.F.W.;4;1;0;0;0;2;0;0;0;0;0;0;0;0;0;1;0;0;0
;;35;de Leeuw-Jongejans, M.M.;10;0;0;0;3;1;1;1;0;0;0;0;0;0;0;3;1;0;0
;;36;Hartog, I.C.;14;1;0;0;4;3;0;0;0;0;0;0;1;0;0;1;1;2;1
;;37;van Bruchem, R.H.J.;0;0;0;0;0;0;0;0;0;0;0;0;0;0;0;0;0;0;0
;;38;van de Ven, M.A.A.;1;0;0;0;0;0;0;0;0;1;0;0;0;0;0;0;0;0;0
;;39;de Neijs, E.D.E.;10;0;0;0;1;3;1;0;0;3;0;0;0;0;1;0;1;0;0
;;40;Hassoo, W.;19;0;0;1;3;3;0;0;0;2;0;0;1;0;0;4;3;0;2
;;41;Graafland-van Duijn, M.A.;26;2;2;0;1;5;3;1;0;2;1;0;1;2;1;2;1;0;2
;;42;den Hartogh, A.;8;0;0;0;0;1;0;0;0;0;0;0;0;4;0;2;0;0;1
;;43;Wessels, R.;3;0;0;0;0;2;0;0;0;0;0;0;0;0;0;0;0;0;1
;;44;Geleijnse, S.;14;2;0;0;0;2;0;0;0;0;1;0;2;0;0;3;1;1;2
20;Splinter;;;437;7;2;15;35;125;9;19;0;27;5;2;17;17;9;56;29;40;23
;;1;van Kooten-Arissen, F.M.;320;4;2;7;29;96;7;9;0;20;3;1;13;14;8;39;25;26;17
;;2;Ipenburg, N.;28;1;0;2;3;7;0;1;0;1;0;0;1;1;1;5;2;1;2
;;3;Bogers, T.J.;5;0;0;0;0;2;0;0;0;0;0;0;1;0;0;0;0;1;1
;;4;Vos, J.;2;0;0;0;0;0;0;1;0;0;0;0;0;0;0;1;0;0;0
;;5;Jansma, D.M.;3;0;0;0;0;3;0;0;0;0;0;0;0;0;0;0;0;0;0
;;6;Mu'ayyed Mir-Damádi, N.;6;0;0;1;0;1;0;0;0;0;0;0;0;1;0;2;0;1;0
;;7;Rasenberg, N.E.;6;0;0;0;0;1;0;1;0;0;2;0;0;0;0;0;0;2;0
;;8;Janssen, P.G.;1;0;0;0;0;0;0;0;0;0;0;0;0;0;0;0;1;0;0
;;9;van der Weide, Y.;2;0;0;0;0;1;0;0;0;0;0;0;0;0;0;0;0;0;1
;;10;Wehnes, E.;23;0;0;3;1;4;1;2;0;0;0;0;0;0;0;3;1;8;0
;;11;de Backer, R.E.;0;0;0;0;0;0;0;0;0;0;0;0;0;0;0;0;0;0;0
;;12;Hoedeman, A.D.J.;3;0;0;0;0;0;0;0;0;0;0;0;0;0;0;1;0;1;1
;;13;Rechards, B.P.;1;0;0;0;0;0;0;0;0;0;0;0;0;0;0;1;0;0;0
;;14;Weyers, J.A.W.P.;1;0;0;0;0;0;0;0;0;0;0;0;0;0;0;1;0;0;0
;;15;van Dam, G.A.J.;18;1;0;1;1;4;0;2;0;4;0;0;2;1;0;1;0;0;1
;;16;Abrahams, J.M.;2;0;0;0;0;2;0;0;0;0;0;0;0;0;0;0;0;0;0
;;17;Kuin, D.;0;0;0;0;0;0;0;0;0;0;0;0;0;0;0;0;0;0;0
;;18;Gerritsen, M.C.G.;0;0;0;0;0;0;0;0;0;0;0;0;0;0;0;0;0;0;0
;;19;Leijendekkers, L.S.;1;0;0;0;0;1;0;0;0;0;0;0;0;0;0;0;0;0;0
;;20;de Ruiter, T.K.;7;0;0;0;0;2;1;2;0;1;0;0;0;0;0;1;0;0;0
;;21;Pijnenburg, G.A.J.;2;0;0;0;0;0;0;0;0;0;0;1;0;0;0;1;0;0;0
;;22;Schot, M.;0;0;0;0;0;0;0;0;0;0;0;0;0;0;0;0;0;0;0
;;23;Ezendam, N.;2;1;0;0;0;0;0;1;0;0;0;0;0;0;0;0;0;0;0
;;24;Peeters, L.M.;0;0;0;0;0;0;0;0;0;0;0;0;0;0;0;0;0;0;0
;;25;de Groot, D.S.;0;0;0;0;0;0;0;0;0;0;0;0;0;0;0;0;0;0;0
;;26;van den Heuvel-Łuczycki, M.;1;0;0;0;1;0;0;0;0;0;0;0;0;0;0;0;0;0;0
;;27;Bruijstens, P.;0;0;0;0;0;0;0;0;0;0;0;0;0;0;0;0;0;0;0
;;28;Keizer, M.B.;1;0;0;0;0;0;0;0;0;1;0;0;0;0;0;0;0;0;0
;;29;Gol, T.M.L.;0;0;0;0;0;0;0;0;0;0;0;0;0;0;0;0;0;0;0
;;30;de Koning, T.;2;0;0;1;0;1;0;0;0;0;0;0;0;0;0;0;0;0;0
;;31;Keyser, I.;0;0;0;0;0;0;0;0;0;0;0;0;0;0;0;0;0;0;0
21;LP (Libertaire Partij);;;182;9;0;2;18;50;9;8;1;13;1;1;4;7;2;20;15;11;11
;;1;van Lamoen, T.J.;126;7;0;1;14;28;8;6;1;11;1;1;2;4;2;14;12;6;8
;;2;Burggraaf, B.W.;4;0;0;0;0;1;0;0;0;0;0;0;1;1;0;0;1;0;0
;;3;Verhagen, P.H.;3;0;0;0;0;2;0;1;0;0;0;0;0;0;0;0;0;0;0
;;4;Zijlstra, J.;1;0;0;0;0;0;0;0;0;0;0;0;0;0;0;1;0;0;0
;;5;Meijer, T.D.J.;1;0;0;0;0;1;0;0;0;0;0;0;0;0;0;0;0;0;0
;;6;Huijs, T.;0;0;0;0;0;0;0;0;0;0;0;0;0;0;0;0;0;0;0
;;7;Pailer, S.;13;1;0;1;1;4;1;1;0;0;0;0;0;0;0;1;0;1;2
;;8;Loman, W.P.J.A.;0;0;0;0;0;0;0;0;0;0;0;0;0;0;0;0;0;0;0
;;9;van den Brink, G.D.;0;0;0;0;0;0;0;0;0;0;0;0;0;0;0;0;0;0;0
;;10;Backhuijs, W.Q.;0;0;0;0;0;0;0;0;0;0;0;0;0;0;0;0;0;0;0
;;11;Koopmans, S.F.P.;0;0;0;0;0;0;0;0;0;0;0;0;0;0;0;0;0;0;0
;;12;Wassenaar, K.J.;29;1;0;0;2;12;0;0;0;2;0;0;0;2;0;4;1;4;1
;;13;Noortman, M.;0;0;0;0;0;0;0;0;0;0;0;0;0;0;0;0;0;0;0
;;14;Visser, P.R.;0;0;0;0;0;0;0;0;0;0;0;0;0;0;0;0;0;0;0
;;15;Mens, R.W.;0;0;0;0;0;0;0;0;0;0;0;0;0;0;0;0;0;0;0
;;16;Brokke, M.A.;0;0;0;0;0;0;0;0;0;0;0;0;0;0;0;0;0;0;0
;;17;Kleinsmit, H.T.J.;3;0;0;0;0;1;0;0;0;0;0;0;1;0;0;0;1;0;0
;;18;Hartkamp, P.L.;2;0;0;0;1;1;0;0;0;0;0;0;0;0;0;0;0;0;0
;;19;Vermeulen, E.;0;0;0;0;0;0;0;0;0;0;0;0;0;0;0;0;0;0;0
22;LEF - Voor de Nieuwe Generatie;;;202;7;1;3;12;66;12;12;1;15;2;0;9;9;2;15;15;12;9
;;1;van Duijn, D.C.;82;2;0;3;4;23;6;5;0;9;2;0;5;2;1;4;8;3;5
;;2;Zantman, N.M.;71;4;0;0;3;28;1;5;0;4;0;0;2;6;0;7;3;6;2
;;3;Neijts, Z.V.;12;0;1;0;1;4;3;0;0;1;0;0;0;1;0;1;0;0;0
;;4;Wijnker, M.I.;11;0;0;0;0;4;1;1;1;0;0;0;2;0;0;1;0;0;1
;;5;Bloem, J.F.;1;0;0;0;0;1;0;0;0;0;0;0;0;0;0;0;0;0;0
;;6;van Westerlaak, R.M.G.;0;0;0;0;0;0;0;0;0;0;0;0;0;0;0;0;0;0;0
;;7;van Diest, Y.A.;2;0;0;0;0;0;0;0;0;0;0;0;0;0;0;1;0;1;0
;;8;Kherrazi, W.;2;0;0;0;0;1;1;0;0;0;0;0;0;0;0;0;0;0;0
;;9;Pont, I.;1;0;0;0;0;0;0;0;0;0;0;0;0;0;0;1;0;0;0
;;10;Torres Noordenbos, D.;0;0;0;0;0;0;0;0;0;0;0;0;0;0;0;0;0;0;0
;;11;Gunning, M.;1;0;0;0;0;1;0;0;0;0;0;0;0;0;0;0;0;0;0
;;12;Berends, M.C.;2;0;0;0;1;1;0;0;0;0;0;0;0;0;0;0;0;0;0
;;13;Pickkers, L.J.;2;0;0;0;0;0;0;0;0;0;0;0;0;0;0;0;1;0;1
;;14;Sjiem-Fat, S.D.;1;0;0;0;0;0;0;0;0;0;0;0;0;0;0;0;1;0;0
;;15;Hulst, P.W.;1;0;0;0;0;0;0;0;0;0;0;0;0;0;0;0;1;0;0
;;16;Bijl, L.;3;0;0;0;0;0;0;1;0;0;0;0;0;0;0;0;0;2;0
;;17;Twaalfhoven, M.;2;0;0;0;1;0;0;0;0;1;0;0;0;0;0;0;0;0;0
;;18;Melis, E.M.;2;0;0;0;0;1;0;0;0;0;0;0;0;0;1;0;0;0;0
;;19;van Die, B.L.Y.;2;0;0;0;0;1;0;0;0;0;0;0;0;0;0;0;1;0;0
;;20;van Rooij, M.H.M.;4;1;0;0;2;1;0;0;0;0;0;0;0;0;0;0;0;0;0
23;Samen voor Nederland;;;263;16;3;8;14;38;15;8;1;29;4;0;17;14;8;28;23;20;17
;;1;Reijinga, M.;109;3;2;1;5;23;2;7;0;10;1;0;6;5;4;11;10;11;8
;;2;You-ala, S.;28;0;1;3;0;8;0;0;1;1;1;0;2;0;2;3;1;2;3
;;3;ten Seldam, W.;3;0;0;0;0;0;2;0;0;0;0;0;0;0;0;1;0;0;0
;;4;Olde Kalter, D.H.;3;0;0;0;0;0;1;0;0;0;0;0;0;1;0;0;1;0;0
;;5;Verspeek, M.R.;5;3;0;0;0;1;0;0;0;0;0;0;0;0;0;1;0;0;0
;;6;Huzen, J.;57;4;0;1;4;3;8;1;0;13;0;0;8;2;1;2;3;1;6
;;7;Buijs, L.J.;0;0;0;0;0;0;0;0;0;0;0;0;0;0;0;0;0;0;0
;;8;Vaneker, N.C.;3;0;0;0;2;0;0;0;0;1;0;0;0;0;0;0;0;0;0
;;9;Kuiper, T.R.M.;1;0;0;0;0;0;0;0;0;0;0;0;0;0;0;0;1;0;0
;;10;Berndsen, V.;1;0;0;0;0;0;0;0;0;0;1;0;0;0;0;0;0;0;0
;;11;Bosman, M.;0;0;0;0;0;0;0;0;0;0;0;0;0;0;0;0;0;0;0
;;12;van den Berg, D.;0;0;0;0;0;0;0;0;0;0;0;0;0;0;0;0;0;0;0
;;13;Dekker, C.J.;1;0;0;0;0;1;0;0;0;0;0;0;0;0;0;0;0;0;0
;;14;Seijffert-Wubbels, J.M.;3;0;0;0;0;0;0;0;0;1;1;0;0;0;0;1;0;0;0
;;15;Korving, R.J.;0;0;0;0;0;0;0;0;0;0;0;0;0;0;0;0;0;0;0
;;16;Wagt, B.;1;1;0;0;0;0;0;0;0;0;0;0;0;0;0;0;0;0;0
;;17;van der Pluijm, D.L.L.;1;0;0;0;0;0;1;0;0;0;0;0;0;0;0;0;0;0;0
;;18;Verspeek, M.;2;1;0;0;0;0;0;0;0;0;0;0;0;0;0;1;0;0;0
;;19;Ebbers, M.;0;0;0;0;0;0;0;0;0;0;0;0;0;0;0;0;0;0;0
;;20;Timmer, B.;3;0;0;1;0;1;0;0;0;0;0;0;0;0;0;0;1;0;0
;;21;Ijben, M.W.;0;0;0;0;0;0;0;0;0;0;0;0;0;0;0;0;0;0;0
;;22;Bink, S.;2;0;0;0;0;0;0;0;0;0;0;0;0;1;0;0;1;0;0
;;23;Roebersen, F.J.;2;0;0;0;0;0;0;0;0;0;0;0;0;0;0;0;1;1;0
;;24;Ottenhoff, R.S.A.;0;0;0;0;0;0;0;0;0;0;0;0;0;0;0;0;0;0;0
;;25;Honders, A.J.;32;3;0;1;3;1;1;0;0;2;0;0;1;3;1;8;3;5;0
;;26;Huijing, A.A.;2;0;0;1;0;0;0;0;0;0;0;0;0;1;0;0;0;0;0
;;27;Heesterman, E.;0;0;0;0;0;0;0;0;0;0;0;0;0;0;0;0;0;0;0
;;28;Zwijnenburg, E.J.;4;1;0;0;0;0;0;0;0;1;0;0;0;1;0;0;1;0;0
24;Nederland met een PLAN;;;161;4;1;4;17;44;4;4;0;11;2;0;3;7;3;21;17;14;5
;;1;Chan, K.K.;94;4;1;1;16;30;1;2;0;6;0;0;2;1;3;8;12;5;2
;;2;Hogeweg, M.Y.;20;0;0;2;1;4;3;1;0;1;2;0;0;1;0;2;2;0;1
;;3;Groeneveld, R.M.;5;0;0;0;0;2;0;0;0;1;0;0;0;0;0;0;1;1;0
;;4;Bouwman, A.K.;2;0;0;0;0;0;0;0;0;0;0;0;1;0;0;1;0;0;0
;;5;Lutgens, S.I.;1;0;0;0;0;0;0;0;0;0;0;0;0;0;0;0;0;1;0
;;6;Bakker, R.;1;0;0;0;0;0;0;0;0;1;0;0;0;0;0;0;0;0;0
;;7;Dong, L.;9;0;0;1;0;3;0;1;0;0;0;0;0;0;0;1;1;2;0
;;8;Riley, M.L.H.;4;0;0;0;0;0;0;0;0;1;0;0;0;0;0;0;0;3;0
;;9;Chan, S.S.;6;0;0;0;0;0;0;0;0;1;0;0;0;3;0;0;1;1;0
;;10;Cai, Y.;13;0;0;0;0;5;0;0;0;0;0;0;0;1;0;7;0;0;0
;;11;Bosch, D.M.I.T.M.G.;1;0;0;0;0;0;0;0;0;0;0;0;0;0;0;0;0;1;0
;;12;Fan, W.;1;0;0;0;0;0;0;0;0;0;0;0;0;0;0;0;0;0;1
;;13;Adolfse, V.W.M.M.;0;0;0;0;0;0;0;0;0;0;0;0;0;0;0;0;0;0;0
;;14;Cao, X.;1;0;0;0;0;0;0;0;0;0;0;0;0;0;0;1;0;0;0
;;15;Lee, C.Y.;0;0;0;0;0;0;0;0;0;0;0;0;0;0;0;0;0;0;0
;;16;Aabidi, M.;1;0;0;0;0;0;0;0;0;0;0;0;0;0;0;0;0;0;1
;;17;Chang, M.J.P.L.;2;0;0;0;0;0;0;0;0;0;0;0;0;1;0;1;0;0;0
26;Politieke Partij voor Basisinkomen;;;102;4;0;3;11;21;5;7;0;9;1;0;9;10;1;7;4;4;6
;;1;Hannen, G.H.;45;1;0;1;7;12;3;1;0;5;1;0;5;3;0;1;1;2;2
;;2;van Mierlo, L.M.A.;1;0;0;0;0;0;0;0;0;1;0;0;0;0;0;0;0;0;0
;;3;Delsing, S.A.M.;7;0;0;0;1;3;0;2;0;0;0;0;0;0;0;0;0;0;1
;;4;Diepenhorst, R.R.R.;0;0;0;0;0;0;0;0;0;0;0;0;0;0;0;0;0;0;0
;;5;Binsbergen, E.;3;0;0;0;0;0;1;0;0;0;0;0;1;0;0;0;1;0;0
;;6;Smit, H.R.M.P.;1;0;0;0;0;0;0;0;0;0;0;0;0;0;0;0;0;0;1
;;7;Veeger, M.J.M.;1;0;0;1;0;0;0;0;0;0;0;0;0;0;0;0;0;0;0
;;8;van der Staaij, E.J.;13;0;0;1;0;3;1;1;0;0;0;0;0;3;0;1;0;1;2
;;9;Karremann, R.L.;0;0;0;0;0;0;0;0;0;0;0;0;0;0;0;0;0;0;0
;;10;Rosenbaum, D.;1;0;0;0;0;0;0;1;0;0;0;0;0;0;0;0;0;0;0
;;11;Sijtsma, S.;30;3;0;0;3;3;0;2;0;3;0;0;3;4;1;5;2;1;0
